DATE&SHIFT,DATE,SHIFT,OPERATOR,DENOMINATION,SERIES, QUANTITY , DRUM NUMBER ,CONTROL NUMBER,X,Y,Z
456641st,7-Jan-25,1st,DITC,25-SENTIMO,2020,"  60,000 ", AL02955A ,01-04a-00001,1,,1
456641st,7-Jan-25,1st,DITC,25-SENTIMO,2020,"  60,000 ", AL02955B ,01-04a-00002,1,,2
456641st,7-Jan-25,1st,DITC,25-SENTIMO,2020,"  60,000 ", AL02955C ,01-04a-00003,1,,3
456641st,7-Jan-25,1st,DITC,25-SENTIMO,2020,"  60,000 ", AL03056A ,01-04a-00004,1,,4
456641st,7-Jan-25,1st,DITC,25-SENTIMO,2020,"  50,000 ",,,,,0
456651st,8-Jan-25,1st,DITC,25-SENTIMO,2020,"  10,000 ", AL03056B ,01-04a-00005,1,,5
456651st,8-Jan-25,1st,DITC,25-SENTIMO,2020,"  60,000 ", AL03056C ,01-04a-00006,1,,6
456651st,8-Jan-25,1st,DITC,25-SENTIMO,2020,"  60,000 ", AL03264A ,01-04a-00007,1,,7
456651st,8-Jan-25,1st,DITC,25-SENTIMO,2020,"  60,000 ", AL03264B ,01-04a-00008,1,,8
456651st,8-Jan-25,1st,DITC,25-SENTIMO,2020,"  60,000 ", AL03264C ,01-04a-00009,1,,9
456651st,8-Jan-25,1st,DITC,25-SENTIMO,2020,"  60,000 ", AL03189A ,01-04a-00010,1,,10
456661st,9-Jan-25,1st,DITC,25-SENTIMO,2020,"  60,000 ", AL03189B ,01-04a-00011,1,,11
456661st,9-Jan-25,1st,DITC,25-SENTIMO,2020,"  65,000 ", AL03189C ,01-04a-00012,1,,12
456661st,9-Jan-25,1st,DITC,25-SENTIMO,2020,"  60,000 ", AL03122A ,01-04a-00013,1,,13
456661st,9-Jan-25,1st,DITC,25-SENTIMO,2020,"  60,000 ", AL03122B ,01-04a-00014,1,,14
456661st,9-Jan-25,1st,DITC,25-SENTIMO,2020,"  65,000 ", AL03122C ,01-04a-00015,1,,15
456671st,10-Jan-25,1st,DITC,25-SENTIMO,2020,"  60,000 ", AL03001A ,01-04a-00016,1,,16
456671st,10-Jan-25,1st,DITC,25-SENTIMO,2020,"  60,000 ", AL03001B ,01-04a-00017,1,,17
456671st,10-Jan-25,1st,DITC,25-SENTIMO,2020,"  65,000 ", AL03001C ,01-04a-00018,1,,18
456671st,10-Jan-25,1st,DITC,25-SENTIMO,2020,"  60,000 ", AL03159A ,01-04a-00019,1,,19
456671st,10-Jan-25,1st,DITC,25-SENTIMO,2020,"  60,000 ", AL03159B ,01-04a-00020,1,,20
456671st,10-Jan-25,1st,DITC,25-SENTIMO,2020,"  15,000 ",,,,,0
456701st,13-Jan-25,1st,DITC,25-SENTIMO,2020,"  50,000 ", AL03159C ,01-04a-00021,1,,21
456701st,13-Jan-25,1st,DITC,25-SENTIMO,2020,"  60,000 ", AL03030A ,01-04a-00022,1,,22
456701st,13-Jan-25,1st,DITC,25-SENTIMO,2020,"  60,000 ", AL03030B ,01-04a-00023,1,,23
456701st,13-Jan-25,1st,DITC,25-SENTIMO,2020,"  30,000 ",,,,,0
456711st,14-Jan-25,1st,DITC,25-SENTIMO,2020,"  40,000 ", AL03030C ,01-04a-00024,1,,24
456711st,14-Jan-25,1st,DITC,25-SENTIMO,2020,"  60,000 ", AL03166A ,01-04a-00025,1,,25
456711st,14-Jan-25,1st,DITC,25-SENTIMO,2020,"  60,000 ", AL03166B ,01-04a-00026,1,,26
456711st,14-Jan-25,1st,DITC,25-SENTIMO,2020,"  65,000 ", AL03166C ,01-04a-00027,1,,27
456711st,14-Jan-25,1st,DITC,25-SENTIMO,2020,"  60,000 ", AL03153A ,01-04a-00028,1,,28
456711st,14-Jan-25,1st,DITC,25-SENTIMO,2020,"  30,000 ",,,,,0
456711st OT,14-Jan-25,1st OT,DITC,25-SENTIMO,2020,"  30,000 ", AL03153B ,01-04a-00029,1,,29
456711st OT,14-Jan-25,1st OT,DITC,25-SENTIMO,2020,"  50,000 ",,,,,0
456721st,15-Jan-25,1st,DITC,25-SENTIMO,2020,"  15,000 ", AL03153C ,01-04a-00030,1,,30
456721st,15-Jan-25,1st,DITC,25-SENTIMO,2020,"  60,000 ", AL03162A ,01-04a-00031,1,,31
456721st,15-Jan-25,1st,DITC,25-SENTIMO,2020,"  60,000 ", AL03162B ,01-04a-00032,1,,32
456721st,15-Jan-25,1st,DITC,25-SENTIMO,2020,"  65,000 ", AL03162C ,01-04a-00033,1,,33
456721st,15-Jan-25,1st,DITC,25-SENTIMO,2020,"  60,000 ", AL03156A ,01-04a-00034,1,,34
456731st,16-Jan-25,1st,DITC,25-SENTIMO,2020,"  60,000 ", AL03156B ,01-04a-00035,1,,35
456731st,16-Jan-25,1st,DITC,25-SENTIMO,2020,"  60,000 ", AL03156C ,01-04a-00036,1,,36
456731st,16-Jan-25,1st,DITC,25-SENTIMO,2020,"  60,000 ", AL03048A ,01-04a-00037,1,,37
456731st,16-Jan-25,1st,DITC,25-SENTIMO,2020,"  60,000 ", AL03048B ,01-04a-00038,1,,38
456731st,16-Jan-25,1st,DITC,25-SENTIMO,2020,"  70,000 ", AL03048C ,01-04a-00039,1,,39
456741st,17-Jan-25,1st,DITC,25-SENTIMO,2020,"  60,000 ", AL03106A ,01-04a-00040,1,,40
456741st,17-Jan-25,1st,DITC,25-SENTIMO,2020,"  60,000 ", AL03106B ,01-04a-00041,1,,41
456741st,17-Jan-25,1st,DITC,25-SENTIMO,2020,"  65,000 ", AL03106C ,01-04a-00042,1,,42
456741st,17-Jan-25,1st,DITC,25-SENTIMO,2020,"  60,000 ", AL03044A ,01-04a-00043,1,,43
456741st,17-Jan-25,1st,DITC,25-SENTIMO,2020,"  60,000 ", AL03044B ,01-04a-00044,1,,44
456771st,20-Jan-25,1st,DITC,25-SENTIMO,2020,"  63,000 ", AL03044C ,01-04a-00045,1,,45
456771st,20-Jan-25,1st,DITC,25-SENTIMO,2020,"  60,000 ", AL03064A ,01-04a-00046,1,,46
456771st,20-Jan-25,1st,DITC,25-SENTIMO,2020,"  60,000 ", AL03064B ,01-04a-00047,1,,47
456771st,20-Jan-25,1st,DITC,25-SENTIMO,2020,"  60,000 ", AL03064C ,01-04a-00048,1,,48
456771st,20-Jan-25,1st,DITC,25-SENTIMO,2020,"  60,000 ", AL03068A ,01-04a-00049,1,,49
456781st,21-Jan-25,1st,DITC,25-SENTIMO,2020,"  60,000 ", AL03068B ,01-04a-00050,1,,50
456781st,21-Jan-25,1st,DITC,25-SENTIMO,2020,"  65,000 ", AL03068C ,01-04a-00051,1,,51
456781st,21-Jan-25,1st,DITC,25-SENTIMO,2020,"  60,000 ", AL03004A ,01-04a-00052,1,,52
456781st,21-Jan-25,1st,DITC,25-SENTIMO,2020,"  60,000 ", AL03004B ,01-04a-00053,1,,53
456781st,21-Jan-25,1st,DITC,25-SENTIMO,2020,"  40,000 ",,,,,0
456791st,22-Jan-25,1st,DITC,25-SENTIMO,2020,"  25,000 ", AL03004C ,01-04a-00054,1,,54
456791st,22-Jan-25,1st,DITC,25-SENTIMO,2020,"  60,000 ", AL02993A ,01-04a-00055,1,,55
456791st,22-Jan-25,1st,DITC,25-SENTIMO,2020,"  60,000 ", AL02993B ,01-04a-00056,1,,56
456791st,22-Jan-25,1st,DITC,25-SENTIMO,2020,"  65,000 ", AL02993C ,01-04a-00057,1,,57
456791st,22-Jan-25,1st,DITC,25-SENTIMO,2020,"  60,000 ", AL03009A ,01-04a-00058,1,,58
456791st,22-Jan-25,1st,DITC,25-SENTIMO,2020,"  35,000 ",,,,,0
456801st,23-Jan-25,1st,EZC,25-SENTIMO,2020,"  25,000 ", AL03009B ,01-04a-00059,1,,59
456801st,23-Jan-25,1st,EZC,25-SENTIMO,2020,"  60,000 ", AL03009C ,01-04a-00060,1,,60
456801st,23-Jan-25,1st,EZC,25-SENTIMO,2020,"  60,000 ", AL03006A ,01-04a-00061,1,,61
456801st,23-Jan-25,1st,EZC,25-SENTIMO,2020,"  60,000 ", AL03006B ,01-04a-00062,1,,62
456801st,23-Jan-25,1st,EZC,25-SENTIMO,2020,"  60,000 ", AL03006C ,01-04a-00063,1,,63
456801st,23-Jan-25,1st,EZC,25-SENTIMO,2020,"  35,000 ",,,,,0
456811st,24-Jan-25,1st,DITC,25-SENTIMO,2020,"  25,000 ", AL03016A ,01-04a-00064,1,,64
456811st,24-Jan-25,1st,DITC,25-SENTIMO,2020,"  60,000 ", AL03016B ,01-04a-00065,1,,65
456811st,24-Jan-25,1st,DITC,25-SENTIMO,2020,"  66,000 ", AL03016C ,01-04a-00066,1,,66
456811st,24-Jan-25,1st,DITC,25-SENTIMO,2020,"  60,000 ", AL03262A ,01-04a-00067,1,,67
456811st,24-Jan-25,1st,DITC,25-SENTIMO,2020,"  60,000 ", AL03262B ,01-04a-00068,1,,68
456811st,24-Jan-25,1st,DITC,25-SENTIMO,2020,"  60,000 ", AL03262C ,01-04a-00069,1,,69
456841st,27-Jan-25,1st,DITC,25-SENTIMO,2020,"  60,000 ", AL03274A ,01-04a-00070,1,,70
456841st,27-Jan-25,1st,DITC,25-SENTIMO,2020,"  60,000 ", AL03274B ,01-04a-00071,1,,71
456841st,27-Jan-25,1st,DITC,25-SENTIMO,2020,"  65,000 ", AL03274C ,01-04a-00072,1,,72
456841st,27-Jan-25,1st,DITC,25-SENTIMO,2020,"  60,000 ", AL03149A ,01-04a-00073,1,,73
456841st,27-Jan-25,1st,DITC,25-SENTIMO,2020,"  60,000 ", AL03194B ,01-04a-00074,1,,74
456841st,27-Jan-25,1st,DITC,25-SENTIMO,2020,"  10,000 ",,,,,0
456841st OT,27-Jan-25,1st OT,DITC,25-SENTIMO,2020,"  55,000 ", AL03194C ,01-04a-00075,1,,75
456841st OT,27-Jan-25,1st OT,DITC,25-SENTIMO,2020,"  40,000 ",,,,,0
456851st,28-Jan-25,1st,DITC,25-SENTIMO,2020,"  20,000 ", AL03269A ,01-04a-00076,1,,76
456851st,28-Jan-25,1st,DITC,25-SENTIMO,2020,"  60,000 ", AL03269B ,01-04a-00077,1,,77
456851st,28-Jan-25,1st,DITC,25-SENTIMO,2020,"  65,000 ", AL03269C ,01-04a-00078,1,,78
456851st,28-Jan-25,1st,DITC,25-SENTIMO,2020,"  60,000 ", AL03128A ,01-04a-00079,1,,79
456851st,28-Jan-25,1st,DITC,25-SENTIMO,2020,"  60,000 ", AL03128B ,01-04a-00080,1,,80
456851st,28-Jan-25,1st,DITC,25-SENTIMO,2020,"  60,000 ", AL03128C ,01-04a-00081,1,,81
456851st OT,28-Jan-25,1st OT,DITC,25-SENTIMO,2020,"  60,000 ", AL03135A ,01-04a-00082,1,,82
456851st OT,28-Jan-25,1st OT,DITC,25-SENTIMO,2020,"  25,000 ",,,,,0
456871st,30-Jan-25,1st,DITC,25-SENTIMO,2020,"  35,000 ", AL03135B ,01-04a-00083,1,,83
456871st,30-Jan-25,1st,DITC,25-SENTIMO,2020,"  65,000 ", AL03135C ,01-04a-00084,1,,84
456871st,30-Jan-25,1st,DITC,25-SENTIMO,2020,"  60,000 ", AL3133A ,01-04a-00085,1,,85
456871st,30-Jan-25,1st,DITC,25-SENTIMO,2020,"  60,000 ", AL03133B ,01-04a-00086,1,,86
456871st,30-Jan-25,1st,DITC,25-SENTIMO,2020,"  70,000 ", AL03133C ,01-04a-00087,1,,87
456871st,30-Jan-25,1st,DITC,25-SENTIMO,2020,"  15,000 ",,,,,0
456881st,31-Jan-25,1st,DITC,25-SENTIMO,2020,"  45,000 ", AL03069A ,01-04a-00088,1,,88
456881st,31-Jan-25,1st,DITC,25-SENTIMO,2020,"  60,000 ", AL03069B ,01-04a-00089,1,,89
456881st,31-Jan-25,1st,DITC,25-SENTIMO,2020,"  65,000 ", AL03069C ,01-04a-00090,1,,90
456881st,31-Jan-25,1st,DITC,25-SENTIMO,2020,"  60,000 ", AL03081A ,01-04a-00091,1,,91
456911st,3-Feb-25,1st,MTDC,25-SENTIMO,2020,"  60,000 ", AL03081B ,01-04a-00092,1,,92
456911st,3-Feb-25,1st,MTDC,25-SENTIMO,2020,"  60,000 ", AL03081C ,01-04a-00093,1,,93
456911st,3-Feb-25,1st,MTDC,25-SENTIMO,2020,"  60,000 ", AL03130A ,01-04a-00094,1,,94
456911st,3-Feb-25,1st,MTDC,25-SENTIMO,2020,"  60,000 ", AL03130B ,01-04a-00095,1,,95
456911st,3-Feb-25,1st,MTDC,25-SENTIMO,2020,"  67,000 ", AL03130C ,01-04a-00096,1,,96
456911st OT,3-Feb-25,1st OT,MTDC,25-SENTIMO,2020,"  60,000 ", AL03223A ,01-04a-00097,1,,97
456911st OT,3-Feb-25,1st OT,MTDC,25-SENTIMO,2020,"  30,000 ",,,,,0
456921st,4-Feb-25,1st,MTDC,25-SENTIMO,2020,"  30,000 ", AL03223B ,01-04a-00098,1,,98
456921st,4-Feb-25,1st,MTDC,25-SENTIMO,2020,"  78,000 ", AL03223C ,01-04a-00099,1,,99
456921st,4-Feb-25,1st,MTDC,25-SENTIMO,2020,"  60,000 ", AL03084A ,01-04a-00100,1,,100
456921st,4-Feb-25,1st,MTDC,25-SENTIMO,2020,"  60,000 ", AL03084B ,01-04a-00101,1,,101
456921st,4-Feb-25,1st,MTDC,25-SENTIMO,2020,"  62,000 ", AL03084C ,01-04a-00102,1,,102
456921st,4-Feb-25,1st,MTDC,25-SENTIMO,2020,"  10,000 ",,,,,0
456921st OT,4-Feb-25,1st OT,MTDC,25-SENTIMO,2020,"  50,000 ", AL03198A ,01-04a-00103,1,,103
456921st OT,4-Feb-25,1st OT,MTDC,25-SENTIMO,2020,"  10,000 ",,,,,0
456931st,5-Feb-25,1st,MTDC,25-SENTIMO,2020,"  50,000 ", AL03198B ,01-04a-00104,1,,104
456931st,5-Feb-25,1st,MTDC,25-SENTIMO,2020,"  60,000 ", AL03198C ,01-04a-00105,1,,105
456931st,5-Feb-25,1st,MTDC,25-SENTIMO,2020,"  60,000 ", AL03075A ,01-04a-00106,1,,106
456931st,5-Feb-25,1st,MTDC,25-SENTIMO,2020,"  60,000 ", AL03075B ,01-04a-00107,1,,107
456931st,5-Feb-25,1st,MTDC,25-SENTIMO,2020,"  60,000 ", AL03075C ,01-04a-00108,1,,108
456931st,5-Feb-25,1st,MTDC,25-SENTIMO,2020,"  40,000 ",,,,,0
456931st OT,5-Feb-25,1st OT,MTDC,25-SENTIMO,2020,"  20,000 ", AL03209A ,01-04a-00109,1,,109
456931st OT,5-Feb-25,1st OT,MTDC,25-SENTIMO,2020,"  60,000 ", AL03209B ,01-04a-00110,1,,110
456941st,6-Feb-25,1st,MTDC,25-SENTIMO,2020,"  60,000 ", AL03209C ,01-04a-00111,1,,111
456941st,6-Feb-25,1st,MTDC,25-SENTIMO,2020,"  60,000 ", AL03205A ,01-04a-00112,1,,112
456941st,6-Feb-25,1st,MTDC,25-SENTIMO,2020,"  60,000 ", AL03205B ,01-04a-00113,1,,113
456941st,6-Feb-25,1st,MTDC,25-SENTIMO,2020,"  78,200 ", AL03205C ,01-04a-00114,1,,114
456941st,6-Feb-25,1st,MTDC,25-SENTIMO,2020,"  42,000 ",,,,,0
456951st,7-Feb-25,1st,MTDC,25-SENTIMO,2020,"  18,000 ", AL03217A ,01-04a-00115,1,,115
456951st,7-Feb-25,1st,MTDC,25-SENTIMO,2020,"  60,000 ", AL03217B ,01-04a-00116,1,,116
456951st,7-Feb-25,1st,MTDC,25-SENTIMO,2020,"  60,000 ", AL03217C ,01-04a-00117,1,,117
456951st,7-Feb-25,1st,MTDC,25-SENTIMO,2020,"  60,000 ", AL03215A ,01-04a-00118,1,,118
456951st,7-Feb-25,1st,MTDC,25-SENTIMO,2020,"  60,000 ", AL03215B ,01-04a-00119,1,,119
456951st,7-Feb-25,1st,MTDC,25-SENTIMO,2020,"  60,000 ", AL03215C ,01-04a-00120,1,,120
45696Sat - OT,8-Feb-25,Sat - OT,MTDC,25-SENTIMO,2020,"  60,000 ", AL03242A ,01-04a-00121,1,,121
45696Sat - OT,8-Feb-25,Sat - OT,MTDC,25-SENTIMO,2020,"  60,000 ", AL03242B ,01-04a-00122,1,,122
45696Sat - OT,8-Feb-25,Sat - OT,MTDC,25-SENTIMO,2020,"  65,000 ", AL03242C ,01-04a-00123,1,,123
45696Sat - OT,8-Feb-25,Sat - OT,MTDC,25-SENTIMO,2020,"  60,000 ", AL03038A ,01-04a-00124,1,,124
45696Sat - OT,8-Feb-25,Sat - OT,MTDC,25-SENTIMO,2020,"  60,000 ", AL03038B ,01-04a-00125,1,,125
45696Sat - OT,8-Feb-25,Sat - OT,MTDC,25-SENTIMO,2020,"  25,000 ",,,,,0
456981st,10-Feb-25,1st,DMD,25-SENTIMO,2020,"  36,000 ", AL03038C ,01-04a-00126,1,,126
456981st,10-Feb-25,1st,DMD,25-SENTIMO,2020,"  60,000 ", AL03182A ,01-04a-00127,1,,127
456981st,10-Feb-25,1st,DMD,25-SENTIMO,2020,"  60,000 ", AL03182B ,01-04a-00128,1,,128
456981st,10-Feb-25,1st,DMD,25-SENTIMO,2020,"  60,000 ", AL03182C ,01-04a-00129,1,,129
456981st,10-Feb-25,1st,DMD,25-SENTIMO,2020,"  60,000 ", AL03233A ,01-04a-00130,1,,130
456981st,10-Feb-25,1st,DMD,25-SENTIMO,2020,"  60,000 ", AL03233B ,01-04a-00131,1,,131
456991st,11-Feb-25,1st,DMD,25-SENTIMO,2020,"  60,000 ", AL03233C ,01-04a-00132,1,,132
456991st,11-Feb-25,1st,DMD,25-SENTIMO,2020,"  60,000 ", AL03020A ,01-04a-00133,1,,133
456991st,11-Feb-25,1st,DMD,25-SENTIMO,2020,"  60,000 ", AL03020B ,01-04a-00134,1,,134
456991st,11-Feb-25,1st,DMD,25-SENTIMO,2020,"  60,000 ", AL03020C ,01-04a-00135,1,,135
456991st,11-Feb-25,1st,DMD,25-SENTIMO,2020,"  60,000 ", AL33237A ,01-04a-00136,1,,136
456991st,11-Feb-25,1st,DMD,25-SENTIMO,2020,"  45,000 ",,,,,0
456991st OT,11-Feb-25,1st OT,DMD,25-SENTIMO,2020,"  15,000 ", AL033237B ,01-04a-00137,1,,137
456991st OT,11-Feb-25,1st OT,DMD,25-SENTIMO,2020,"  40,000 ",,,,,0
457001st,12-Feb-25,1st,DMD,25-SENTIMO,2020,"  22,000 ", AL033237C ,01-04a-00138,1,,138
457001st,12-Feb-25,1st,DMD,25-SENTIMO,2020,"  60,000 ", AL03192A ,01-04a-00139,1,,139
457001st,12-Feb-25,1st,DMD,25-SENTIMO,2020,"  60,000 ", AL03192B ,01-04a-00140,1,,140
457001st,12-Feb-25,1st,DMD,25-SENTIMO,2020,"  61,000 ", AL03192C ,01-04a-00141,1,,141
457001st,12-Feb-25,1st,DMD,25-SENTIMO,2020,"  60,000 ", AL03243A ,01-04a-00142,1,,142
457001st,12-Feb-25,1st,DMD,25-SENTIMO,2020,"  42,000 ",,,,,0
457001st OT,12-Feb-25,1st OT,DMD,25-SENTIMO,2020,"  18,000 ", AL03243B ,01-04a-00143,1,,143
457001st OT,12-Feb-25,1st OT,DMD,25-SENTIMO,2020,"  64,000 ", AL03243C ,01-04a-00144,1,,144
457011st,13-Feb-25,1st,DMD,25-SENTIMO,2020,"  60,000 ", AL03245A ,01-04a-00145,1,,145
457011st,13-Feb-25,1st,DMD,25-SENTIMO,2020,"  60,000 ", AL03245B ,01-04a-00146,1,,146
457011st,13-Feb-25,1st,DMD,25-SENTIMO,2020,"  66,000 ", AL03245C ,01-04a-00147,1,,147
457011st,13-Feb-25,1st,DMD,25-SENTIMO,2020,"  60,000 ", AL03537A ,01-04a-00148,1,,148
457011st,13-Feb-25,1st,DMD,25-SENTIMO,2020,"  60,000 ", AL03537B ,01-04a-00149,1,,149
457011st OT,13-Feb-25,1st OT,DMD,25-SENTIMO,2020,"  67,000 ", AL03537C ,01-04a-00150,1,,150
457011st OT,13-Feb-25,1st OT,DMD,25-SENTIMO,2020,"  20,000 ",,,,,0
457021st,14-Feb-25,1st,DMD,25-SENTIMO,2020,"  40,000 ", AL03547A ,01-04a-00151,1,,151
457021st,14-Feb-25,1st,DMD,25-SENTIMO,2020,"  60,000 ", AL03547B ,01-04a-00152,1,,152
457021st,14-Feb-25,1st,DMD,25-SENTIMO,2020,"  66,000 ", AL03547C ,01-04a-00153,1,,153
457021st,14-Feb-25,1st,DMD,25-SENTIMO,2020,"  50,000 ",,,,,0
457051st,17-Feb-25,1st,DMD,25-SENTIMO,2020,"  10,000 ", AL03464A ,01-04a-00154,1,,154
457051st,17-Feb-25,1st,DMD,25-SENTIMO,2020,"  60,000 ", AL03464B ,01-04a-00155,1,,155
457051st,17-Feb-25,1st,DMD,25-SENTIMO,2020,"  72,000 ", AL03464C ,01-04a-00156,1,,156
457051st,17-Feb-25,1st,DMD,25-SENTIMO,2020,"  60,000 ", AL03470A ,01-04a-00157,1,,157
457051st,17-Feb-25,1st,DMD,25-SENTIMO,2020,"  60,000 ", AL03470B ,01-04a-00158,1,,158
457051st,17-Feb-25,1st,DMD,25-SENTIMO,2020,"  20,000 ",,,,,0
457061st,18-Feb-25,1st,DMD,25-SENTIMO,2020,"  44,000 ", AL03470C ,01-04a-00159,1,,159
457061st,18-Feb-25,1st,DMD,25-SENTIMO,2020,"  60,000 ", AL03517A ,01-04a-00160,1,,160
457061st,18-Feb-25,1st,DMD,25-SENTIMO,2020,"  60,000 ", AL03517B ,01-04a-00161,1,,161
457061st,18-Feb-25,1st,DMD,25-SENTIMO,2020,"  65,000 ", AL03517C ,01-04a-00162,1,,162
457061st,18-Feb-25,1st,DMD,25-SENTIMO,2020,"  60,000 ", AL03519A ,01-04a-00163,1,,163
457061st,18-Feb-25,1st,DMD,25-SENTIMO,2020,"  30,000 ",,,,,0
457071st,19-Feb-25,1st,DMD,25-SENTIMO,2020,"  30,000 ", AL03519B ,01-04a-00164,1,,164
457071st,19-Feb-25,1st,DMD,25-SENTIMO,2020,"  62,000 ", AL03519C ,01-04a-00165,1,,165
457071st,19-Feb-25,1st,DMD,25-SENTIMO,2020,"  60,000 ", AL03536A ,01-04a-00166,1,,166
457071st,19-Feb-25,1st,DMD,25-SENTIMO,2020,"  60,000 ", AL03536B ,01-04a-00167,1,,167
457071st,19-Feb-25,1st,DMD,25-SENTIMO,2020,"  50,000 ",,,,,0
457081st,20-Feb-25,1st,DMD,25-SENTIMO,2020,"  14,000 ", AL03536C ,01-04a-00168,1,,168
457081st,20-Feb-25,1st,DMD,25-SENTIMO,2020,"  60,000 ", AL03505A ,01-04a-00169,1,,169
457081st,20-Feb-25,1st,JDRA,25-SENTIMO,2020,"  60,000 ", AL03505B ,01-04a-00170,1,,170
457081st,20-Feb-25,1st,JDRA,25-SENTIMO,2020,"  60,000 ", AL03505C ,01-04a-00171,1,,171
457081st,20-Feb-25,1st,JDRA,25-SENTIMO,2020,"  60,000 ",AL03493A,01-04a-00172,1,,172
457081st,20-Feb-25,1st,JDRA,25-SENTIMO,2020,"  50,000 ",,,,,0
457091st,21-Feb-25,1st,JMG,25-SENTIMO,2020,"  10,000 ",AL03493B,01-04a-00173,1,,173
457091st,21-Feb-25,1st,JMG,25-SENTIMO,2020,"  80,800 ",AL03493C,01-04a-00174,1,,174
457091st,21-Feb-25,1st,JMG,25-SENTIMO,2020,"  60,000 ",AL03457A,01-04a-00175,1,,175
457091st,21-Feb-25,1st,JMG,25-SENTIMO,2020,"  60,000 ",AL03457B,01-04a-00176,1,,176
457091st,21-Feb-25,1st,JMG,25-SENTIMO,2020,"  61,200 ",AL03457C,01-04a-00177,1,,177
457121st,24-Feb-25,1st,DMD,25-SENTIMO,2020,"  60,000 ",AL03471A,01-04a-00178,1,,178
457121st,24-Feb-25,1st,DMD,25-SENTIMO,2020,"  60,000 ",AL03471B,01-04a-00179,1,,179
457121st,24-Feb-25,1st,DMD,25-SENTIMO,2020,"  60,000 ",AL03471C,01-04a-00180,1,,180
457121st,24-Feb-25,1st,DMD,25-SENTIMO,2020,"  60,000 ",AL03484A,01-04a-00181,1,,181
457121st,24-Feb-25,1st,DMD,25-SENTIMO,2020,"  60,000 ",AL03484B,01-04a-00182,1,,182
457121st,24-Feb-25,1st,DMD,25-SENTIMO,2020,"  40,000 ",,,,,0
457131st,25-Feb-25,1st,DMD,25-SENTIMO,2020,"  20,000 ",AL03484C,01-04a-00183,1,,183
457131st,25-Feb-25,1st,DMD,25-SENTIMO,2020,"  60,000 ",AL03477A,01-04a-00184,1,,184
457131st,25-Feb-25,1st,DMD,25-SENTIMO,2020,"  60,000 ",AL03477B,01-04a-00185,1,,185
457131st,25-Feb-25,1st,DMD,25-SENTIMO,2020,"  68,000 ",AL03477C,01-04a-00186,1,,186
457131st,25-Feb-25,1st,DMD,25-SENTIMO,2020,"  40,000 ",,,,,0
457141st,26-Feb-25,1st,DMD,25-SENTIMO,2020,"  20,000 ",AL03499A,01-04a-00187,1,,187
457141st,26-Feb-25,1st,DMD,25-SENTIMO,2020,"  60,000 ",AL03499B,01-04a-00188,1,,188
457141st,26-Feb-25,1st,DMD,25-SENTIMO,2020,"  74,000 ",AL03499C,01-04a-00189,1,,189
457141st,26-Feb-25,1st,DMD,25-SENTIMO,2020,"  60,000 ",AL03562A,01-04a-00190,1,,190
457141st,26-Feb-25,1st,DMD,25-SENTIMO,2020,"  60,000 ",AL03562B,01-04a-00191,1,,191
457141st,26-Feb-25,1st,DMD,25-SENTIMO,2020,"  20,000 ",,,,,0
457151st,27-Feb-25,1st,ABA,25-SENTIMO,2020,"  65,000 ",AL03562c,01-04a-00192,1,,192
457151st,27-Feb-25,1st,ABA,25-SENTIMO,2020,"  60,000 ",AL03502A,01-04a-00193,1,,193
457161st,28-Feb-25,1st,DMD,25-SENTIMO,2020,"  60,000 ",AL03502B,01-04a-00194,1,,194
457161st,28-Feb-25,1st,DMD,25-SENTIMO,2020,"  62,000 ",AL03502C,01-04a-00195,1,,195
457161st,28-Feb-25,1st,DMD,25-SENTIMO,2020,"  60,000 ",AL03550A,01-04a-00196,1,,196
457191st,3-Mar-25,1st,JMG,25-SENTIMO,2020,"  60,000 ",AL03550B,01-04a-00197,1,,197
457191st,3-Mar-25,1st,JMG,25-SENTIMO,2020,"  65,400 ",AL03550C,01-04a-00198,1,,198
457191st,3-Mar-25,1st,JMG,25-SENTIMO,2020,"  60,000 ",AL03450A,01-04a-00199,1,,199
457191st,3-Mar-25,1st,JMG,25-SENTIMO,2020,"  60,000 ",AL03450B,01-04a-00200,1,,200
457191st,3-Mar-25,1st,JMG,25-SENTIMO,2020,"  40,000 ",,,,,0
457201st,4-Mar-25,1st,JMG,25-SENTIMO,2020,"  25,700 ",AL03450C,01-04a-00201,1,,201
457201st,4-Mar-25,1st,JMG,25-SENTIMO,2020,"  60,000 ",AL03441A,01-04a-00202,1,,202
457201st,4-Mar-25,1st,JMG,25-SENTIMO,2020,"  60,000 ",AL03441B,01-04a-00203,1,,203
457201st,4-Mar-25,1st,JMG,25-SENTIMO,2020,"  65,800 ",AL03441C,01-04a-00204,1,,204
457201st,4-Mar-25,1st,JMG,25-SENTIMO,2020,"  60,000 ",AL03490A,01-04a-00205,1,,205
457201st,4-Mar-25,1st,JMG,25-SENTIMO,2020,"  40,000 ",,,,,0
457211st,5-Mar-25,1st,JMG,25-SENTIMO,2020,"  20,000 ",AL03490B,01-04a-00206,1,,206
457211st,5-Mar-25,1st,JMG,25-SENTIMO,2020,"  62,000 ",AL03490C,01-04a-00207,1,,207
457211st,5-Mar-25,1st,JMG,25-SENTIMO,2020,"  60,000 ",AL03512A,01-04a-00208,1,,208
457211st,5-Mar-25,1st,JMG,25-SENTIMO,2020,"  60,000 ",AL03512B,01-04a-00209,1,,209
457211st,5-Mar-25,1st,JMG,25-SENTIMO,2020,"  40,000 ",,,,,0
457221st,6-Mar-25,1st,JMG,25-SENTIMO,2020,"  25,700 ",AL03512C,01-04a-00210,1,,210
457221st,6-Mar-25,1st,JMG,25-SENTIMO,2020,"  60,000 ",AL03337A,01-04a-00211,1,,211
457221st,6-Mar-25,1st,JMG,25-SENTIMO,2020,"  60,000 ",AL03337B,01-04a-00212,1,,212
457221st,6-Mar-25,1st,JMG,25-SENTIMO,2020,"  65,300 ",AL03337C,01-04a-00213,1,,213
457221st,6-Mar-25,1st,JMG,25-SENTIMO,2020,"  60,000 ",AL03533A,01-04a-00214,1,,214
457221st,6-Mar-25,1st,JMG,25-SENTIMO,2020,"  40,000 ",,,,,0
457231st,7-Mar-25,1st,JMG,25-SENTIMO,2020,"  20,000 ",AL03533B,01-04a-00215,1,,215
457231st,7-Mar-25,1st,JMG,25-SENTIMO,2020,"  65,400 ",AL03533C,01-04a-00216,1,,216
457231st,7-Mar-25,1st,JMG,25-SENTIMO,2020,"  60,000 ",AL03507A,01-04a-00217,1,,217
457231st,7-Mar-25,1st,JMG,25-SENTIMO,2020,"  60,000 ",AL03507B,01-04a-00218,1,,218
457231st,7-Mar-25,1st,JMG,25-SENTIMO,2020,"  65,600 ",AL03507C,01-04a-00219,1,,219
457231st,7-Mar-25,1st,MTDC,25-SENTIMO,2020,"  30,000 ",,,,,0
457261st,10-Mar-25,1st,MTDC,25-SENTIMO,2020,"  30,000 ",AL03308A,01-04a-00220,1,,220
457261st,10-Mar-25,1st,MTDC,25-SENTIMO,2020,"  60,000 ",AL03308B,01-04a-00221,1,,221
457261st,10-Mar-25,1st,MTDC,25-SENTIMO,2020,"  65,000 ",AL03308C,01-04a-00222,1,,222
457261st,10-Mar-25,1st,MTDC,25-SENTIMO,2020,"  60,000 ",AL03316A,01-04a-00223,1,,223
457261st,10-Mar-25,1st,MTDC,25-SENTIMO,2020,"  60,000 ",AL03316B,01-04a-00224,1,,224
457261st,10-Mar-25,1st,MTDC,25-SENTIMO,2020,"  40,000 ",,,,,0
457271st,11-Mar-25,1st,JMG,25-SENTIMO,2020,"  32,500 ",AL03316C,01-04a-00225,1,,225
457271st,11-Mar-25,1st,JMG,25-SENTIMO,2020,"  60,000 ", AL03312A ,01-04a-00226,1,,226
457271st,11-Mar-25,1st,JMG,25-SENTIMO,2020,"  60,000 ", AL03312B ,01-04a-00227,1,,227
457271st,11-Mar-25,1st,JMG,25-SENTIMO,2020,"  65,400 ", AL03312C ,01-04a-00228,1,,228
457271st,11-Mar-25,1st,JMG,25-SENTIMO,2020,"  60,000 ",AL03336A,01-04a-00229,1,,229
457271st,11-Mar-25,1st,JMG,25-SENTIMO,2020,"  40,000 ",,,,,0
457281st,12-Mar-25,1st,MLN,25-SENTIMO,2020,"  20,000 ",AL03336B,01-04a-00230,1,,230
457281st,12-Mar-25,1st,MLN,25-SENTIMO,2020,"  68,500 ",AL03336C,01-04a-00231,1,,231
457281st,12-Mar-25,1st,MLN,25-SENTIMO,2020,"  60,000 ",AL03352A,01-04a-00232,1,,232
457281st,12-Mar-25,1st,MLN,25-SENTIMO,2020,"  60,000 ",AL03352B,01-04a-00233,1,,233
457281st,12-Mar-25,1st,MLN,25-SENTIMO,2020,"  30,000 ",,,,,0
457291st,13-Mar-25,1st,MLN,25-SENTIMO,2020,"  34,000 ",AL03352C,01-04a-00234,1,,234
457291st,13-Mar-25,1st,MLN,25-SENTIMO,2020,"  60,000 ",AL03429A,01-04a-00235,1,,235
457291st,13-Mar-25,1st,MLN,25-SENTIMO,2020,"  60,000 ",AL03429B,01-04a-00236,1,,236
457291st,13-Mar-25,1st,MLN,25-SENTIMO,2020,"  65,000 ",AL03429C,01-04a-00237,1,,237
457291st,13-Mar-25,1st,MLN,25-SENTIMO,2020,"  35,000 ",,,,,0
457301st,14-Mar-25,1st,MLN,25-SENTIMO,2020,"  25,000 ",AL03415A,01-04a-00238,1,,238
457301st,14-Mar-25,1st,MLN,25-SENTIMO,2020,"  60,000 ",AL03415B,01-04a-00239,1,,239
457301st,14-Mar-25,1st,MLN,25-SENTIMO,2020,"  60,000 ",AL03415C,01-04a-00240,1,,240
457331st,17-Mar-25,1st,JMG,25-SENTIMO,2020,"  60,000 ",AL03360A,01-04a-00241,1,,241
457331st,17-Mar-25,1st,JMG,25-SENTIMO,2020,"  60,000 ",AL03360B,01-04a-00242,1,,242
457331st,17-Mar-25,1st,JMG,25-SENTIMO,2020,"  65,000 ",AL03360C,01-04a-00243,1,,243
457331st,17-Mar-25,1st,JMG,25-SENTIMO,2020,"  60,000 ",AL03413A,01-04a-00244,1,,244
457331st,17-Mar-25,1st,JMG,25-SENTIMO,2020,"  15,000 ",,,,,0
457341st,18-Mar-25,1st,JMG,25-SENTIMO,2020,"  45,000 ",AL03413B,01-04a-00245,1,,245
457341st,18-Mar-25,1st,JMG,25-SENTIMO,2020,"  65,500 ",AL03413C,01-04a-00246,1,,246
457341st,18-Mar-25,1st,JMG,25-SENTIMO,2020,"  60,000 ",AL03367A,01-04a-00247,1,,247
457341st,18-Mar-25,1st,JMG,25-SENTIMO,2020,"  60,000 ",AL03367B,01-04a-00248,1,,248
457341st,18-Mar-25,1st,JMG,25-SENTIMO,2020,"  65,500 ",AL03367C,01-04a-00249,1,,249
457341st,18-Mar-25,1st,JMG,25-SENTIMO,2020,"  10,000 ",,,,,0
457351st,19-Mar-25,1st,JMG,25-SENTIMO,2020,"  50,000 ",AL03375A,01-04a-00250,1,,250
457351st,19-Mar-25,1st,JMG,25-SENTIMO,2020,"  60,000 ",AL03375B,01-04a-00251,1,,251
457351st,19-Mar-25,1st,JMG,25-SENTIMO,2020,"  70,500 ",AL03375C,01-04a-00252,1,,252
457351st,19-Mar-25,1st,JMG,25-SENTIMO,2020,"  60,000 ",AL03380A,01-04a-00253,1,,253
457351st,19-Mar-25,1st,JMG,25-SENTIMO,2020,"  60,000 ",AL03380B,01-04a-00254,1,,254
457361st,20-Mar-25,1st,JMG,25-SENTIMO,2020,"  65,600 ",AL03380C,01-04a-00255,1,,255
457361st,20-Mar-25,1st,JMG,25-SENTIMO,2020,"  60,000 ",AL03333A,01-04a-00256,1,,256
457361st,20-Mar-25,1st,JMG,25-SENTIMO,2020,"  60,000 ",AL03333B,01-04a-00257,1,,257
457361st,20-Mar-25,1st,JMG,25-SENTIMO,2020,"  65,400 ",AL03333C,01-04a-00258,1,,258
457361st,20-Mar-25,1st,JMG,25-SENTIMO,2020,"  60,000 ",AL03289A,01-04a-00259,1,,259
457371st,21-Mar-25,1st,JMG,25-SENTIMO,2020,"  60,000 ",AL03289B,01-04a-00260,1,,260
457371st,21-Mar-25,1st,JMG,25-SENTIMO,2020,"  65,500 ",AL03289C,01-04a-00261,1,,261
457371st,21-Mar-25,1st,JMG,25-SENTIMO,2020,"  60,000 ",AL03341A,01-04a-00262,1,,262
457371st,21-Mar-25,1st,JMG,25-SENTIMO,2020,"  60,000 ",AL03341B,01-04a-00263,1,,263
457371st,21-Mar-25,1st,JMG,25-SENTIMO,2020,"  65,000 ",AL03341C,01-04a-00264,1,,264
457401st,24-Mar-25,1st,JMG,25-SENTIMO,2020,"  60,000 ",AL03411A,01-04a-00265,1,,265
457401st,24-Mar-25,1st,JMG,25-SENTIMO,2020,"  60,000 ",AL03411B,01-04a-00266,1,,266
457401st,24-Mar-25,1st,JMG,25-SENTIMO,2020,"  65,500 ",AL03411C,01-04a-00267,1,,267
457401st,24-Mar-25,1st,JMG,25-SENTIMO,2020,"  60,000 ",AL03278A,01-04a-00268,1,,268
457401st,24-Mar-25,1st,JMG,25-SENTIMO,2020,"  60,000 ",AL03278B,01-04a-00269,1,,269
457401st,24-Mar-25,1st,JMG,25-SENTIMO,2020,"  30,000 ",,,,,0
457411st,25-Mar-25,1st,JMG,25-SENTIMO,2020,"  35,000 ",AL03278C,01-04a-00270,1,,270
457411st,25-Mar-25,1st,JMG,25-SENTIMO,2020,"  60,000 ",AL03332A,01-04a-00271,1,,271
457411st,25-Mar-25,1st,JMG,25-SENTIMO,2020,"  60,000 ",AL03332B,01-04a-00272,1,,272
457411st,25-Mar-25,1st,JMG,25-SENTIMO,2020,"  65,500 ",AL03332C,01-04a-00273,1,,273
457411st,25-Mar-25,1st,JMG,25-SENTIMO,2020,"  60,000 ",AL03392A,01-04a-00274,1,,274
457411st,25-Mar-25,1st,JMG,25-SENTIMO,2020,"  20,000 ",,,,,0
457421st,26-Mar-25,1st,ECC,25-SENTIMO,2020,"  40,000 ",AL03392B,01-04a-00275,1,,275
457421st,26-Mar-25,1st,ECC,25-SENTIMO,2020,"  66,000 ",AL03392C,01-04a-00276,1,,276
457421st,26-Mar-25,1st,ECC,25-SENTIMO,2020,"  60,000 ",AL03425A,01-04a-00277,1,,277
457421st,26-Mar-25,1st,ECC,25-SENTIMO,2020,"  60,000 ",AL03425B,01-04a-00278,1,,278
457421st,26-Mar-25,1st,ECC,25-SENTIMO,2020,"  60,000 ",AL03425C,01-04a-00279,1,,279
457421st,26-Mar-25,1st,ECC,25-SENTIMO,2020,"  40,000 ",,,,,0
457431st,27-Mar-25,1st,JMG,25-SENTIMO,2020,"  20,000 ",AL03297A,01-04a-00280,1,,280
457431st,27-Mar-25,1st,JMG,25-SENTIMO,2020,"  60,000 ",AL03297B,01-04a-00281,1,,281
457431st,27-Mar-25,1st,JMG,25-SENTIMO,2020,"  65,000 ",AL03297C,01-04a-00282,1,,282
457431st,27-Mar-25,1st,JMG,25-SENTIMO,2020,"  60,000 ", AL03386A ,01-04a-00283,1,,283
457431st,27-Mar-25,1st,JMG,25-SENTIMO,2020,"  60,000 ", AL03386B ,01-04a-00284,1,,284
457431st,27-Mar-25,1st,JMG,25-SENTIMO,2020,"  25,000 ",,,,,0
457441st,28-Mar-25,1st,JMG,25-SENTIMO,2020,"  40,500 ", AL03386C ,01-04a-00285,1,,285
457441st,28-Mar-25,1st,JMG,25-SENTIMO,2020,"  60,000 ",AL03366A,01-04a-00286,1,,286
457441st,28-Mar-25,1st,JMG,25-SENTIMO,2020,"  60,000 ",AL03366B,01-04a-00287,1,,287
457441st,28-Mar-25,1st,JMG,25-SENTIMO,2020,"  65,000 ",AL03366C,01-04a-00288,1,,288
457441st,28-Mar-25,1st,JMG,25-SENTIMO,2020,"  60,000 ",AL03400A,01-04a-00289,1,,289
457441st,28-Mar-25,1st,JMG,25-SENTIMO,2020,"  40,000 ",,,,,0
457471st,31-Mar-25,1st,JMG,25-SENTIMO,2020,"  20,000 ",AL03400B,01-04a-00290,1,,290
457471st,31-Mar-25,1st,JMG,25-SENTIMO,2020,"  84,500 ",AL03400C,01-04a-00291,1,,291
457491st,2-Apr-25,1st,MJSC,25-SENTIMO,2020,"  60,000 ",AL03323A,01-04a-00292,1,,292
457491st,2-Apr-25,1st,MJSC,25-SENTIMO,2020,"  60,000 ",AL03323B,01-04a-00293,1,,293
457491st,2-Apr-25,1st,MJSC,25-SENTIMO,2020,"  60,000 ",AL03323C,01-04a-00294,1,,294
457491st,2-Apr-25,1st,MJSC,25-SENTIMO,2020,"  60,000 ",AL03398A,01-04a-00295,1,,295
457491st,2-Apr-25,1st,MJSC,25-SENTIMO,2020,"  60,000 ",AL03398B,01-04a-00296,1,,296
457501st,3-Apr-25,1st,MJSC,25-SENTIMO,2020,"  68,000 ",AL03398C,01-04a-00297,1,,297
457501st,3-Apr-25,1st,MJSC,25-SENTIMO,2020,"  60,000 ",AL03305A,01-04a-00298,1,,298
457501st,3-Apr-25,1st,MJSC,25-SENTIMO,2020,"  60,000 ",AL03305B,01-04a-00299,1,,299
457501st,3-Apr-25,1st,MJSC,25-SENTIMO,2020,"  60,000 ",AL03305C,01-04a-00300,1,,300
457511st,4-Apr-25,1st,MJSC,25-SENTIMO,2020,"  60,000 ",AL03303A,01-04a-00301,1,,301
457511st,4-Apr-25,1st,MJSC,25-SENTIMO,2020,"  60,000 ",AL03303B,01-04a-00302,1,,302
457511st,4-Apr-25,1st,MJSC,25-SENTIMO,2020,"  85,000 ",AL03303c,01-04a-00303,1,,303
457511st,4-Apr-25,1st,MJSC,25-SENTIMO,2020,"  60,000 ",AL03358A,01-04a-00304,1,,304
457511st,4-Apr-25,1st,MJSC,25-SENTIMO,2020,"  60,000 ",AL03358B,01-04a-00305,1,,305
457541st,7-Apr-25,1st,MJSC,25-SENTIMO,2020,"  68,000 ",AL03358C,01-04a-00306,1,,306
457541st,7-Apr-25,1st,MJSC,25-SENTIMO,2020,"  60,000 ",AL03293A,01-04a-00307,1,,307
457541st,7-Apr-25,1st,MJSC,25-SENTIMO,2020,"  60,000 ",AL03293B,01-04a-00308,1,,308
457551st,8-Apr-25,1st,MJSC,25-SENTIMO,2020,"  65,000 ",AL03293C,01-04a-00309,1,,309
457551st,8-Apr-25,1st,MJSC,25-SENTIMO,2020,"  60,000 ",AL03626A,01-04a-00310,1,,310
457551st,8-Apr-25,1st,MJSC,25-SENTIMO,2020,"  60,000 ",AL03626B,01-04a-00311,1,,311
457551st,8-Apr-25,1st,MJSC,25-SENTIMO,2020,"  70,000 ",AL03626C,01-04a-00312,1,,312
457551st,8-Apr-25,1st,MJSC,25-SENTIMO,2020,"  60,000 ",AL03830A,01-04a-00313,1,,313
457571st,10-Apr-25,1st,MJSC,25-SENTIMO,2020,"  60,000 ",AL03830B,01-04a-00314,1,,314
457571st,10-Apr-25,1st,MJSC,25-SENTIMO,2020,"  65,000 ",AL03830C,01-04a-00315,1,,315
457571st,10-Apr-25,1st,MJSC,25-SENTIMO,2020,"  60,000 ",AL03640A,01-04a-00316,1,,316
457571st,10-Apr-25,1st,MJSC,25-SENTIMO,2020,"  60,000 ",AL03640B,01-04a-00317,1,,317
457571st,10-Apr-25,1st,MJSC,25-SENTIMO,2020,"  70,000 ",AL03640c,01-04a-00318,1,,318
457581st,11-Apr-25,1st,MJSC,25-SENTIMO,2020,"  60,000 ",AL03606A,01-04a-00319,1,,319
457581st,11-Apr-25,1st,MJSC,25-SENTIMO,2020,"  60,000 ",AL03606B,01-04a-00320,1,,320
457581st,11-Apr-25,1st,MJSC,25-SENTIMO,2020,"  65,000 ",AL03606C,01-04a-00321,1,,321
457581st,11-Apr-25,1st,MJSC,25-SENTIMO,2020,"  60,000 ",AL03635A,01-04a-00322,1,,322
457581st,11-Apr-25,1st,MJSC,25-SENTIMO,2020,"  60,000 ",AL03635B,01-04a-00323,1,,323
457611st,14-Apr-25,1st,MJSC,25-SENTIMO,2020,"  70,000 ",AL03635C,01-04a-00324,1,,324
457611st,14-Apr-25,1st,MJSC,25-SENTIMO,2020,"  60,000 ",AL03631A,01-04a-00325,1,,325
457611st,14-Apr-25,1st,MJSC,25-SENTIMO,2020,"  60,000 ",AL03631B,01-04a-00326,1,,326
457611st,14-Apr-25,1st,MJSC,25-SENTIMO,2020,"  70,000 ",AL03631C,01-04a-00327,1,,327
457611st,14-Apr-25,1st,MJSC,25-SENTIMO,2020,"  60,000 ",AL03839A,01-04a-00328,1,,328
457621st,15-Apr-25,1st,EZC,25-SENTIMO,2020,"  60,000 ",AL03839B,01-04a-00329,1,,329
457621st,15-Apr-25,1st,EZC,25-SENTIMO,2020,"  60,000 ",AL03839C,01-04a-00330,1,,330
457621st,15-Apr-25,1st,EZC,25-SENTIMO,2020,"  60,000 ",AL03576A,01-04a-00331,1,,331
457621st,15-Apr-25,1st,EZC,25-SENTIMO,2020,"  60,000 ",AL03576B,01-04a-00332,1,,332
457621st,15-Apr-25,1st,EZC,25-SENTIMO,2020,"  80,000 ",AL03576C,01-04a-00333,1,,333
457681st,21-Apr-25,1st,MJSC,25-SENTIMO,2020,"  60,000 ",AL03814A,01-04a-00334,1,,334
457681st,21-Apr-25,1st,MJSC,25-SENTIMO,2020,"  60,000 ",AL03814B,01-04a-00335,1,,335
457681st,21-Apr-25,1st,MJSC,25-SENTIMO,2020,"  65,000 ",AL03814C,01-04a-00336,1,,336
457681st,21-Apr-25,1st,MJSC,25-SENTIMO,2020,"  60,000 ",AL03634A,01-04a-00337,1,,337
457681st,21-Apr-25,1st,MJSC,25-SENTIMO,2020,"  25,000 ",,,,,0
457691st,22-Apr-25,1st,MJSC,25-SENTIMO,2020,"  35,000 ",AL03634B,01-04a-00338,1,,338
457691st,22-Apr-25,1st,MJSC,25-SENTIMO,2020,"  64,000 ",AL03634C,01-04a-00339,1,,339
457691st,22-Apr-25,1st,MJSC,25-SENTIMO,2020,"  60,000 ",AL03677A,01-04a-00340,1,,340
457691st,22-Apr-25,1st,MJSC,25-SENTIMO,2020,"  60,000 ",AL03677B,01-04a-00341,1,,341
457691st,22-Apr-25,1st,MJSC,25-SENTIMO,2020,"  65,000 ",AL03677C,01-04a-00342,1,,342
457701st,23-Apr-25,1st,MJSC,25-SENTIMO,2020,"  60,000 ",AL03719a,01-04a-00343,1,,343
457701st,23-Apr-25,1st,MJSC,25-SENTIMO,2020,"  60,000 ",AL03719B,01-04a-00344,1,,344
457701st,23-Apr-25,1st,MJSC,25-SENTIMO,2020,"  65,000 ",AL03719C,01-04a-00345,1,,345
457701st,23-Apr-25,1st,MJSC,25-SENTIMO,2020,"  60,000 ",AL03642A,01-04a-00346,1,,346
457701st,23-Apr-25,1st,MJSC,25-SENTIMO,2020,"  60,000 ",AL03642B,01-04a-00347,1,,347
457701st,23-Apr-25,1st,MJSC,25-SENTIMO,2020,"  10,000 ",,,,,0
457711st,24-Apr-25,1st,MJSC,25-SENTIMO,2020,"  55,000 ",AL03642C,01-04a-00348,1,,348
457711st,24-Apr-25,1st,MJSC,25-SENTIMO,2020,"  60,000 ",AL03763A,01-04a-00349,1,,349
457711st,24-Apr-25,1st,MJSC,25-SENTIMO,2020,"  60,000 ",AL03763B,01-04a-00350,1,,350
457711st,24-Apr-25,1st,MJSC,25-SENTIMO,2020,"  70,000 ",AL03763C,01-04a-00351,1,,351
457711st,24-Apr-25,1st,MJSC,25-SENTIMO,2020,"  45,000 ",,,,,0
457721st,25-Apr-25,1st,MJSC,25-SENTIMO,2020,"  15,000 ",AL03729A,01-04a-00352,1,,352
457721st,25-Apr-25,1st,MJSC,25-SENTIMO,2020,"  60,000 ",AL03729B,01-04a-00353,1,,353
457721st,25-Apr-25,1st,MJSC,25-SENTIMO,2020,"  62,000 ",AL03729C,01-04a-00354,1,,354
457721st,25-Apr-25,1st,MJSC,25-SENTIMO,2020,"  60,000 ",AL03794A,01-04a-00355,1,,355
457721st,25-Apr-25,1st,MJSC,25-SENTIMO,2020,"  60,000 ",AL03794B,01-04a-00356,1,,356
457721st,25-Apr-25,1st,MJSC,25-SENTIMO,2020,"  35,000 ",,,,,0
457751st,28-Apr-25,1st,MJSC,25-SENTIMO,2020,"  35,000 ",AL03794C,01-04a-00357,1,,357
457751st,28-Apr-25,1st,MJSC,25-SENTIMO,2020,"  60,000 ",AL03779A,01-04a-00358,1,,358
457751st,28-Apr-25,1st,MJSC,25-SENTIMO,2020,"  60,000 ",AL03779B,01-04a-00359,1,,359
457751st,28-Apr-25,1st,MJSC,25-SENTIMO,2020,"  65,000 ",AL03779C,01-04a-00360,1,,360
457751st,28-Apr-25,1st,MJSC,25-SENTIMO,2020,"  50,000 ",,,,,0
457761st,29-Apr-25,1st,MJSC,25-SENTIMO,2020,"  10,000 ",AL03738A,01-04a-00361,1,,361
457761st,29-Apr-25,1st,MJSC,25-SENTIMO,2020,"  60,000 ",AL03738B,01-04a-00362,1,,362
457761st,29-Apr-25,1st,MJSC,25-SENTIMO,2020,"  65,000 ",AL03738C,01-04a-00363,1,,363
457761st,29-Apr-25,1st,MJSC,25-SENTIMO,2020,"  60,000 ",AL03604A,01-04a-00364,1,,364
457761st,29-Apr-25,1st,MJSC,25-SENTIMO,2020,"  60,000 ",AL03604B,01-04a-00365,1,,365
457761st,29-Apr-25,1st,MJSC,25-SENTIMO,2020,"  25,000 ",,,,,0
457771st,30-Apr-25,1st,MJSC,25-SENTIMO,2020,"  40,000 ",AL03604C,01-04a-00366,1,,366
457771st,30-Apr-25,1st,MJSC,25-SENTIMO,2020,"  60,000 ",AL03735A,01-04a-00367,1,,367
457791st,2-May-25,1st,MJSC,25-SENTIMO,2020,"  60,000 ",AL03735B,01-04a-00368,1,,368
457791st,2-May-25,1st,MJSC,25-SENTIMO,2020,"  75,000 ",AL03735C,01-04a-00369,1,,369
457791st,2-May-25,1st,MJSC,25-SENTIMO,2020,"  60,000 ",AL03756A,01-04a-00370,1,,370
457791st,2-May-25,1st,MJSC,25-SENTIMO,2020,"  60,000 ",AL03756B,01-04a-00371,1,,371
457791st,2-May-25,1st,MJSC,25-SENTIMO,2020,"  25,000 ",,,,,0
457821st,5-May-25,1st,DITC,25-SENTIMO,2020,"  35,000 ",AL03756C,01-04a-00372,1,,372
457821st,5-May-25,1st,DITC,25-SENTIMO,2020,"  60,000 ",AL03777A,01-04a-00373,1,,373
457821st,5-May-25,1st,DITC,25-SENTIMO,2020,"  60,000 ",AL03777B,01-04a-00374,1,,374
457821st,5-May-25,1st,DITC,25-SENTIMO,2020,"  65,000 ",AL03777C,01-04a-00375,1,,375
457831st,6-May-25,1st,DITC,25-SENTIMO,2020,"  60,000 ",AL03752A,01-04a-00376,1,,376
457831st,6-May-25,1st,DITC,25-SENTIMO,2020,"  60,000 ",AL03752B,01-04a-00377,1,,377
457831st,6-May-25,1st,DITC,25-SENTIMO,2020,"  65,000 ",AL03752C,01-04a-00378,1,,378
457831st,6-May-25,1st,DITC,25-SENTIMO,2020,"  60,000 ",AL03588A,01-04a-00379,1,,379
457831st,6-May-25,1st,DITC,25-SENTIMO,2020,"  60,000 ",AL03588B,01-04a-00380,1,,380
457841st,7-May-25,1st,DITC,25-SENTIMO,2020,"  60,000 ",AL03588C,01-04a-00381,1,,381
457841st,7-May-25,1st,DITC,25-SENTIMO,2020,"  60,000 ",AL03838A,01-04a-00382,1,,382
457841st,7-May-25,1st,DITC,25-SENTIMO,2020,"  60,000 ",AL03838B,01-04a-00383,1,,383
457841st,7-May-25,1st,DITC,25-SENTIMO,2020,"  70,000 ",AL03838C,01-04a-00384,1,,384
457841st,7-May-25,1st,DITC,25-SENTIMO,2020,"  60,000 ",AL03613A,01-04a-00385,1,,385
457851st,8-May-25,1st,DITC,25-SENTIMO,2020,"  60,000 ",AL03613B,01-04a-00386,1,,386
457851st,8-May-25,1st,DITC,25-SENTIMO,2020,"  70,000 ",AL03613C,01-04a-00387,1,,387
457851st,8-May-25,1st,DITC,25-SENTIMO,2020,"  60,000 ",AL03608A,01-04a-00388,1,,388
457851st,8-May-25,1st,DITC,25-SENTIMO,2020,"  60,000 ",AL03608B,01-04a-00389,1,,389
457851st,8-May-25,1st,DITC,25-SENTIMO,2020,"  60,000 ",AL03608C,01-04a-00390,1,,390
457861st,9-May-25,1st,DITC,25-SENTIMO,2020,"  60,000 ",AL03836A,01-04a-00391,1,,391
457861st,9-May-25,1st,DITC,25-SENTIMO,2020,"  60,000 ",AL03836B,01-04a-00392,1,,392
457861st,9-May-25,1st,DITC,25-SENTIMO,2020,"  70,000 ",AL03836C,01-04a-00393,1,,393
457861st,9-May-25,1st,DITC,25-SENTIMO,2020,"  60,000 ",AL03848A,01-04a-00394,1,,394
457861st,9-May-25,1st,DITC,25-SENTIMO,2020,"  60,000 ",AL03848B,01-04a-00395,1,,395
457861st,9-May-25,1st,DITC,25-SENTIMO,2020,"  15,000 ",,,,,0
457901st,13-May-25,1st,DITC,25-SENTIMO,2020,"  50,000 ",AL03848C,01-04a-00396,1,,396
457901st,13-May-25,1st,DITC,25-SENTIMO,2020,"  60,000 ",AL03568A,01-04a-00397,1,,397
457901st,13-May-25,1st,DITC,25-SENTIMO,2020,"  60,000 ",AL03568B,01-04a-00398,1,,398
457901st,13-May-25,1st,DITC,25-SENTIMO,2020,"  70,000 ",AL03568C,01-04a-00399,1,,399
457901st,13-May-25,1st,DITC,25-SENTIMO,2020,"  60,000 ",AL03570A,01-04a-00400,1,,400
457911st,14-May-25,1st,DITC,25-SENTIMO,2020,"  60,000 ",AL03570B,01-04a-00401,1,,401
457911st,14-May-25,1st,DITC,25-SENTIMO,2020,"  66,000 ",AL03570C,01-04a-00402,1,,402
457911st,14-May-25,1st,DITC,25-SENTIMO,2020,"  60,000 ",AL03826A,01-04a-00403,1,,403
457911st,14-May-25,1st,DITC,25-SENTIMO,2020,"  60,000 ",AL03826B,01-04a-00404,1,,404
457911st,14-May-25,1st,DITC,25-SENTIMO,2020,"  70,000 ",AL03826C,01-04a-00405,1,,405
457921st,15-May-25,1st,DITC,25-SENTIMO,2020,"  60,000 ",AL03816A,01-04a-00406,1,,406
457921st,15-May-25,1st,DITC,25-SENTIMO,2020,"  60,000 ",AL03816B,01-04a-00407,1,,407
457921st,15-May-25,1st,DITC,25-SENTIMO,2020,"  65,000 ",AL03816C,01-04a-00408,1,,408
457921st,15-May-25,1st,DITC,25-SENTIMO,2020,"  60,000 ",AL03822A,01-04a-00409,1,,409
457921st,15-May-25,1st,DITC,25-SENTIMO,2020,"  60,000 ",AL03822B,01-04a-00410,1,,410
457931st,16-May-25,1st,DITC,25-SENTIMO,2020,"  60,000 ",AL03822C,01-04a-00411,1,,411
457931st,16-May-25,1st,DITC,25-SENTIMO,2020,"  60,000 ",AL03845A,01-04a-00412,1,,412
457931st,16-May-25,1st,DITC,25-SENTIMO,2020,"  60,000 ",AL03845B,01-04a-00413,1,,413
457931st,16-May-25,1st,DITC,25-SENTIMO,2020,"  70,000 ",AL03845C,01-04a-00414,1,,414
457931st,16-May-25,1st,DITC,25-SENTIMO,2020,"  60,000 ",AL03572A,01-04a-00415,1,,415
457961st,19-May-25,1st,MBV,25-SENTIMO,2020,"  60,000 ",AL03572B,01-04a-00416,1,,416
457961st,19-May-25,1st,MBV,25-SENTIMO,2020,"  68,000 ",AL03572C,01-04a-00417,1,,417
457961st,19-May-25,1st,MBV,25-SENTIMO,2020,"  60,000 ",AL03659A,01-04a-00418,1,,418
457961st,19-May-25,1st,MBV,25-SENTIMO,2020,"  60,000 ",AL03659b,01-04a-00419,1,,419
457971st,20-May-25,1st,DITC,25-SENTIMO,2020,"  66,000 ",AL03659C,01-04a-00420,1,,420
457971st,20-May-25,1st,DITC,25-SENTIMO,2020,"  60,000 ",AL03650A,01-04a-00421,1,,421
457971st,20-May-25,1st,DITC,25-SENTIMO,2020,"  60,000 ",AL03650B,01-04a-00422,1,,422
457971st,20-May-25,1st,DITC,25-SENTIMO,2020,"  60,000 ",AL03650C,01-04a-00423,1,,423
457971st,20-May-25,1st,DITC,25-SENTIMO,2020,"  60,000 ",AL03665A,01-04a-00424,1,,424
457971st,20-May-25,1st,DITC,25-SENTIMO,2020,"  15,000 ",,,,,0
457981st,21-May-25,1st,DITC,25-SENTIMO,2020,"  45,000 ",AL03665B,01-04a-00425,1,,425
457981st,21-May-25,1st,DITC,25-SENTIMO,2020,"  70,000 ",AL03665C,01-04a-00426,1,,426
457981st,21-May-25,1st,DITC,25-SENTIMO,2020,"  60,000 ",AL03653A,01-04a-00427,1,,427
457981st,21-May-25,1st,DITC,25-SENTIMO,2020,"  60,000 ",AL03653B,01-04a-00428,1,,428
457981st,21-May-25,1st,DITC,25-SENTIMO,2020,"  65,000 ",AL03653C,01-04a-00429,1,,429
457981st,21-May-25,1st,DITC,25-SENTIMO,2020,"  20,000 ",,,,,0
457991st,22-May-25,1st,DITC,25-SENTIMO,2020,"  40,000 ",AL03651A,01-04a-00430,1,,430
457991st,22-May-25,1st,DITC,25-SENTIMO,2020,"  60,000 ",AL03651B,01-04a-00431,1,,431
457991st,22-May-25,1st,DITC,25-SENTIMO,2020,"  65,000 ",AL03651C,01-04a-00432,1,,432
457991st,22-May-25,1st,DITC,25-SENTIMO,2020,"  60,000 ",AL03662A,01-04a-00433,1,,433
457991st,22-May-25,1st,DITC,25-SENTIMO,2020,"  60,000 ",AL03662B,01-04a-00434,1,,434
457991st,22-May-25,1st,DITC,25-SENTIMO,2020,"  45,000 ",,,,,0
458001st,23-May-25,1st,HJB,25-SENTIMO,2020,"  15,000 ",AL03662C,01-04a-00435,1,,435
458001st,23-May-25,1st,HJB,25-SENTIMO,2020,"  60,000 ",AL03664A,01-04a-00436,1,,436
458001st,23-May-25,1st,HJB,25-SENTIMO,2020,"  60,000 ",AL03664B,01-04a-00437,1,,437
458001st,23-May-25,1st,HJB,25-SENTIMO,2020,"  65,000 ",AL03664C,01-04a-00438,1,,438
458001st,23-May-25,1st,HJB,25-SENTIMO,2020,"  60,000 ",AL03726A,01-04a-00439,1,,439
458031st,26-May-25,1st,ECC,25-SENTIMO,2020,"  60,000 ",AL03726B,01-04a-00440,1,,440
458031st,26-May-25,1st,ECC,25-SENTIMO,2020,"  80,000 ",AL03726C,01-04a-00441,1,,441
458031st,26-May-25,1st,ECC,25-SENTIMO,2020,"  60,000 ",AL03733A,01-04a-00442,1,,442
458031st,26-May-25,1st,ECC,25-SENTIMO,2020,"  60,000 ",AL03733B,01-04a-00443,1,,443
458031st,26-May-25,1st,ECC,25-SENTIMO,2020,"  20,000 ",,,,,0
458041st,27-May-25,1st,ECC,25-SENTIMO,2020,"  40,000 ",AL03733C,01-04a-00444,1,,444
458041st,27-May-25,1st,ECC,25-SENTIMO,2020,"  60,000 ",AL03673A,01-04a-00445,1,,445
458041st,27-May-25,1st,ECC,25-SENTIMO,2020,"  60,000 ",AL03673B,01-04a-00446,1,,446
458041st,27-May-25,1st,ECC,25-SENTIMO,2020,"  75,000 ",AL03673C,01-04a-00447,1,,447
458041st,27-May-25,1st,ECC,25-SENTIMO,2020,"  60,000 ",AL03692A,01-04a-00448,1,,448
458041st,27-May-25,1st,ECC,25-SENTIMO,2020,"  30,000 ",,,,,0
458051st,28-May-25,1st,ECC,25-SENTIMO,2020,"  30,000 ",AL03692B,01-04a-00449,1,,449
458051st,28-May-25,1st,ECC,25-SENTIMO,2020,"  65,000 ",AL03692C,01-04a-00450,1,,450
458051st,28-May-25,1st,ECC,25-SENTIMO,2020,"  60,000 ",AL03699A,01-04a-00451,1,,451
458051st,28-May-25,1st,ECC,25-SENTIMO,2020,"  60,000 ",AL03699B,01-04a-00452,1,,452
458051st,28-May-25,1st,ECC,25-SENTIMO,2020,"  65,000 ",AL03699C,01-04a-00453,1,,453
458051st,28-May-25,1st,ECC,25-SENTIMO,2020,"  45,000 ",,,,,0
458061st,29-May-25,1st,ECC,25-SENTIMO,2020,"  15,000 ",AL03717A,01-04a-00454,1,,454
458061st,29-May-25,1st,ECC,25-SENTIMO,2020,"  60,000 ",AL03717B,01-04a-00455,1,,455
458061st,29-May-25,1st,ECC,25-SENTIMO,2020,"  65,000 ",AL03717C,01-04a-00456,1,,456
458061st,29-May-25,1st,ECC,25-SENTIMO,2020,"  60,000 ",AL03804A,01-04a-00457,1,,457
458061st,29-May-25,1st,ECC,25-SENTIMO,2020,"  60,000 ",AL03804B,01-04a-00458,1,,458
458061st,29-May-25,1st,ECC,25-SENTIMO,2020,"  65,000 ",AL03804C,01-04a-00459,1,,459
458101st,2-Jun-25,1st,JMG,25-SENTIMO,2020,"  60,000 ", AL03818A ,01-04a-00460,1,,460
458101st,2-Jun-25,1st,JMG,25-SENTIMO,2020,"  60,000 ", AL03818B ,01-04a-00461,1,,461
458101st,2-Jun-25,1st,JMG,25-SENTIMO,2020,"  66,000 ", AL03818C ,01-04a-00462,1,,462
458101st,2-Jun-25,1st,JMG,25-SENTIMO,2020,"  60,000 ", AL03770A ,01-04a-00463,1,,463
458101st,2-Jun-25,1st,JMG,25-SENTIMO,2020,"  10,000 ",,,,,0
458111st,3-Jun-25,1st,JMG,25-SENTIMO,2020,"  50,000 ", AL03770B ,01-04a-00464,1,,464
458111st,3-Jun-25,1st,JMG,25-SENTIMO,2020,"  69,500 ", AL03770C ,01-04a-00465,1,,465
458111st,3-Jun-25,1st,JMG,25-SENTIMO,2020,"  60,000 ", AL03690A ,01-04a-00466,1,,466
458111st,3-Jun-25,1st,JMG,25-SENTIMO,2020,"  60,000 ", AL03690B ,01-04a-00467,1,,467
458111st,3-Jun-25,1st,JMG,25-SENTIMO,2020,"  65,500 ", AL03690C ,01-04a-00468,1,,468
458111st,3-Jun-25,1st,JMG,25-SENTIMO,2020,"  15,000 ",,,,,0
458121st,4-Jun-25,1st,JMG,25-SENTIMO,2020,"  45,000 ", AL03681A ,01-04a-00469,1,,469
458121st,4-Jun-25,1st,JMG,25-SENTIMO,2020,"  60,000 ", AL03681B ,01-04a-00470,1,,470
458121st,4-Jun-25,1st,JMG,25-SENTIMO,2020,"  72,200 ", AL03681C ,01-04a-00471,1,,471
458121st,4-Jun-25,1st,JMG,25-SENTIMO,2020,"  60,000 ", AL03612A ,01-04a-00472,1,,472
458121st,4-Jun-25,1st,JMG,25-SENTIMO,2020,"  60,000 ", AL03612B ,01-04a-00473,1,,473
458121st,4-Jun-25,1st,JMG,25-SENTIMO,2020,"  10,000 ",,,,,0
458131st,5-Jun-25,1st,JMG,25-SENTIMO,2020,"  61,400 ", AL03612C ,01-04a-00474,1,,474
458131st,5-Jun-25,1st,JMG,25-SENTIMO,2020,"  60,000 ", AL03701A ,01-04a-00475,1,,475
458131st,5-Jun-25,1st,JMG,25-SENTIMO,2020,"  60,000 ", AL03701B ,01-04a-00476,1,,476
458131st,5-Jun-25,1st,JMG,25-SENTIMO,2020,"  65,000 ", AL03701C ,01-04a-00477,1,,477
458131st,5-Jun-25,1st,JMG,25-SENTIMO,2020,"  20,000 ",,,,,0
458171st,9-Jun-25,1st,JMG,25-SENTIMO,2020,"  40,000 ", AL03592A ,01-04a-00478,1,,478
458171st,9-Jun-25,1st,JMG,25-SENTIMO,2020,"  60,000 ", AL03592B ,01-04a-00479,1,,479
458171st,9-Jun-25,1st,JMG,25-SENTIMO,2020,"  63,700 ", AL03592C ,01-04a-00480,1,,480
458171st,9-Jun-25,1st,JMG,25-SENTIMO,2020,"  60,000 ", AL03716A ,01-04a-00481,1,,481
458171st,9-Jun-25,1st,JMG,25-SENTIMO,2020,"  60,000 ", AL03716B ,01-04a-00482,1,,482
458181st,10-Jun-25,1st,JMG,25-SENTIMO,2020,"  65,000 ", AL03716C ,01-04a-00483,1,,483
458181st,10-Jun-25,1st,JMG,25-SENTIMO,2020,"  60,000 ", AL03596A ,01-04a-00484,1,,484
458181st,10-Jun-25,1st,JMG,25-SENTIMO,2020,"  60,000 ", AL03596B ,01-04a-00485,1,,485
458181st,10-Jun-25,1st,JMG,25-SENTIMO,2020,"  65,000 ", AL03596C ,01-04a-00486,1,,486
458181st,10-Jun-25,1st,JMG,25-SENTIMO,2020,"  60,000 ", AL03667A ,01-04a-00487,1,,487
458191st,11-Jun-25,1st,JMG,25-SENTIMO,2020,"  60,000 ", AL03667B ,01-04a-00488,1,,488
458191st,11-Jun-25,1st,JMG,25-SENTIMO,2020,"  65,400 ", AL03667C ,01-04a-00489,1,,489
458191st,11-Jun-25,1st,JMG,25-SENTIMO,2020,"  60,000 ", AL03914A ,01-04a-00490,1,,490
458191st,11-Jun-25,1st,JMG,25-SENTIMO,2020,"  60,000 ", AL03914B ,01-04a-00491,1,,491
458191st,11-Jun-25,1st,JMG,25-SENTIMO,2020,"  65,600 ", AL03914C ,01-04a-00492,1,,492
458211st,13-Jun-25,1st,JMG,25-SENTIMO,2020,"  60,000 ", AL04121A ,01-04a-00493,1,,493
458211st,13-Jun-25,1st,JMG,25-SENTIMO,2020,"  60,000 ", AL04121B ,01-04a-00494,1,,494
458211st,13-Jun-25,1st,JMG,25-SENTIMO,2020,"  65,000 ", AL04121C ,01-04a-00495,1,,495
458211st,13-Jun-25,1st,JMG,25-SENTIMO,2020,"  60,000 ", AL03853A ,01-04a-00496,1,,496
458211st,13-Jun-25,1st,JMG,25-SENTIMO,2020,"  60,000 ", AL03853B ,01-04a-00497,1,,497
458241st,16-Jun-25,1st,JMG,25-SENTIMO,2020,"  65,700 ", AL03853C ,01-04a-00498,1,,498
458241st,16-Jun-25,1st,JMG,25-SENTIMO,2020,"  60,000 ", AL04058A ,01-04a-00499,1,,499
458241st,16-Jun-25,1st,JMG,25-SENTIMO,2020,"  60,000 ", AL04058B ,01-04a-00500,1,,500
458241st,16-Jun-25,1st,JMG,25-SENTIMO,2020,"  64,300 ", AL04058C ,01-04a-00501,1,,501
458241st,16-Jun-25,1st,JMG,25-SENTIMO,2020,"  60,000 ", AL04031A ,01-04a-00502,1,,502
458241st,16-Jun-25,1st,JMG,25-SENTIMO,2020,"  10,000 ",,,,,0
458251st,17-Jun-25,1st,JMG,25-SENTIMO,2020,"  50,000 ", AL04031B ,01-04a-00503,1,,503
458251st,17-Jun-25,1st,JMG,25-SENTIMO,2020,"  65,000 ", AL04031C ,01-04a-00504,1,,504
458251st,17-Jun-25,1st,JMG,25-SENTIMO,2020,"  60,000 ", AL03942A ,01-04a-00505,1,,505
458251st,17-Jun-25,1st,JMG,25-SENTIMO,2020,"  60,000 ", AL03942B ,01-04a-00506,1,,506
458251st,17-Jun-25,1st,JMG,25-SENTIMO,2020,"  65,000 ", AL03942C ,01-04a-00507,1,,507
458251st,17-Jun-25,1st,JMG,25-SENTIMO,2020,"  30,000 ",,,,,0
458261st,18-Jun-25,1st,JMG,25-SENTIMO,2020,"  30,000 ", AL04103A ,01-04a-00508,1,,508
458261st,18-Jun-25,1st,JMG,25-SENTIMO,2020,"  60,000 ", AL04103B ,01-04a-00509,1,,509
458261st,18-Jun-25,1st,JMG,25-SENTIMO,2020,"  65,500 ", AL04103C ,01-04a-00510,1,,510
458261st,18-Jun-25,1st,JMG,25-SENTIMO,2020,"  60,000 ", AL04053A ,01-04a-00511,1,,511
458261st,18-Jun-25,1st,JMG,25-SENTIMO,2020,"  60,000 ", AL04053B ,01-04a-00512,1,,512
458261st,18-Jun-25,1st,JMG,25-SENTIMO,2020,"  40,000 ",,,,,0
458271st,19-Jun-25,1st,JMG,25-SENTIMO,2020,"  25,500 ", AL04053C ,01-04a-00513,1,,513
458271st,19-Jun-25,1st,JMG,25-SENTIMO,2020,"  60,000 ", AL03897A ,01-04a-00514,1,,514
458271st,19-Jun-25,1st,JMG,25-SENTIMO,2020,"  60,000 ", AL03897B ,01-04a-00515,1,,515
458271st,19-Jun-25,1st,JMG,25-SENTIMO,2020,"  64,500 ", AL03897C ,01-04a-00516,1,,516
458271st,19-Jun-25,1st,JMG,25-SENTIMO,2020,"  60,000 ", AL04002A ,01-04a-00517,1,,517
458271st,19-Jun-25,1st,JMG,25-SENTIMO,2020,"  40,000 ",,,,,0
458281st,20-Jun-25,1st,JMG,25-SENTIMO,2020,"  20,000 ", AL04002B ,01-04a-00518,1,,518
458281st,20-Jun-25,1st,JMG,25-SENTIMO,2020,"  65,700 ", AL04002C ,01-04a-00519,1,,519
458281st,20-Jun-25,1st,JMG,25-SENTIMO,2020,"  60,000 ", AL04023A ,01-04a-00520,1,,520
458281st,20-Jun-25,1st,JMG,25-SENTIMO,2020,"  60,000 ", AL04023B ,01-04a-00521,1,,521
458281st,20-Jun-25,1st,JMG,25-SENTIMO,2020,"  64,300 ", AL04023C ,01-04a-00522,1,,522
458281st,20-Jun-25,1st,JMG,25-SENTIMO,2020,"  60,000 ", AL03954A ,01-04a-00523,1,,523
458311st,23-Jun-25,1st,JMG,25-SENTIMO,2020,"  60,000 ", AL03954B ,01-04a-00524,1,,524
458311st,23-Jun-25,1st,JMG,25-SENTIMO,2020,"  66,500 ", AL03954C ,01-04a-00525,1,,525
458311st,23-Jun-25,1st,JMG,25-SENTIMO,2020,"  60,000 ", AL03856A ,01-04a-00526,1,,526
458311st,23-Jun-25,1st,JMG,25-SENTIMO,2020,"  60,000 ", AL03856B ,01-04a-00527,1,,527
458311st,23-Jun-25,1st,JMG,25-SENTIMO,2020,"  40,000 ",,,,,0
458321st,24-Jun-25,1st,JMG,25-SENTIMO,2020,"  27,000 ", AL03856C ,01-04a-00528,1,,528
458321st,24-Jun-25,1st,JMG,25-SENTIMO,2020,"  60,000 ", AL03849A ,01-04a-00529,1,,529
458321st,24-Jun-25,1st,JMG,25-SENTIMO,2020,"  60,000 ", AL03849B ,01-04a-00530,1,,530
458321st,24-Jun-25,1st,JMG,25-SENTIMO,2020,"  65,400 ", AL03849C ,01-04a-00531,1,,531
458321st,24-Jun-25,1st,JMG,25-SENTIMO,2020,"  60,000 ", AL03869A ,01-04a-00532,1,,532
458321st,24-Jun-25,1st,JMG,25-SENTIMO,2020,"  40,000 ",,,,,0
458331st,25-Jun-25,1st,JMG,25-SENTIMO,2020,"  20,000 ", AL03869B ,01-04a-00533,1,,533
458331st,25-Jun-25,1st,JMG,25-SENTIMO,2020,"  65,700 ", AL03869C ,01-04a-00534,1,,534
458331st,25-Jun-25,1st,JMG,25-SENTIMO,2020,"  60,000 ", AL03892A ,01-04a-00535,1,,535
458331st,25-Jun-25,1st,JMG,25-SENTIMO,2020,"  60,000 ", AL03892B ,01-04a-00536,1,,536
458331st,25-Jun-25,1st,JMG,25-SENTIMO,2020,"  64,300 ", AL03892C ,01-04a-00537,1,,537
458331st,25-Jun-25,1st,JMG,25-SENTIMO,2020,"  60,000 ", AL03861A ,01-04a-00538,1,,538
458341st,26-Jun-25,1st,JMG,25-SENTIMO,2020,"  60,000 ", AL03861B ,01-04a-00539,1,,539
458341st,26-Jun-25,1st,JMG,25-SENTIMO,2020,"  74,700 ", AL03861C ,01-04a-00540,1,,540
458341st,26-Jun-25,1st,JMG,25-SENTIMO,2020,"  60,000 ", AL03882A ,01-04a-00541,1,,541
458341st,26-Jun-25,1st,JMG,25-SENTIMO,2020,"  60,000 ", AL03882B ,01-04a-00542,1,,542
458341st,26-Jun-25,1st,JMG,25-SENTIMO,2020,"  65,300 ", AL03882C ,01-04a-00543,1,,543
458351st,27-Jun-25,1st,HJB,25-SENTIMO,2020,"  60,000 ", AL03877A ,01-04a-00544,1,,544
458351st,27-Jun-25,1st,HJB,25-SENTIMO,2020,"  60,000 ", AL03877B ,01-04a-00545,1,,545
458351st,27-Jun-25,1st,HJB,25-SENTIMO,2020,"  65,000 ", AL03877C ,01-04a-00546,1,,546
458351st,27-Jun-25,1st,HJB,25-SENTIMO,2020,"  60,000 ", AL03880A ,01-04a-00547,1,,547
458351st,27-Jun-25,1st,HJB,25-SENTIMO,2020,"  60,000 ", AL03880B ,01-04a-00548,1,,548
458351st,27-Jun-25,1st,HJB,25-SENTIMO,2020,"  25,000 ",,,,,0
458381st,30-Jun-25,1st,JMG,25-SENTIMO,2020,"  56,700 ", AL03880C ,01-04a-00549,1,,549
458391st,1-Jul-25,1st,DMD,25-SENTIMO,2020,"  60,000 ", AL03974A ,01-04a-00550,1,,550
458391st,1-Jul-25,1st,DMD,25-SENTIMO,2020,"  60,000 ", AL03974B ,01-04a-00551,1,,551
458391st,1-Jul-25,1st,DMD,25-SENTIMO,2020,"  61,000 ", AL03974C ,01-04a-00552,1,,552
458391st,1-Jul-25,1st,DMD,25-SENTIMO,2020,"  50,000 ",,,,,0
458401st,2-Jul-25,1st,DMD,25-SENTIMO,2020,"  10,000 ", AL04017A ,01-04a-00553,1,,553
458401st,2-Jul-25,1st,DMD,25-SENTIMO,2020,"  60,000 ", AL04017B ,01-04a-00554,1,,554
458401st,2-Jul-25,1st,DMD,25-SENTIMO,2020,"  61,500 ", AL04017C ,01-04a-00555,1,,555
458401st,2-Jul-25,1st,DMD,25-SENTIMO,2020,"  60,000 ", AL03899A ,01-04a-00556,1,,556
458401st,2-Jul-25,1st,DMD,25-SENTIMO,2025,"  60,000 ", AL03899B ,01-04a-00557,1,,557
458401st,2-Jul-25,1st,DMD,25-SENTIMO,2025,"  50,000 ",,,,,0
458411st,3-Jul-25,1st,DMD,25-SENTIMO,2025,"  14,000 ", AL03899C ,01-04a-00558,1,,558
458411st,3-Jul-25,1st,DMD,25-SENTIMO,2025,"  60,000 ", AL04007A ,01-04a-00559,1,,559
458411st,3-Jul-25,1st,DMD,25-SENTIMO,2025,"  60,000 ", AL04007B ,01-04a-00560,1,,560
458411st,3-Jul-25,1st,DMD,25-SENTIMO,2025,"  62,000 ", AL04007C ,01-04a-00561,1,,561
458411st,3-Jul-25,1st,DMD,25-SENTIMO,2025,"  60,000 ", AL04016A ,01-04a-00562,1,,562
458411st,3-Jul-25,1st,DMD,25-SENTIMO,2025,"  60,000 ", AL04016B ,01-04a-00563,1,,563
458421st,4-Jul-25,1st,DMD,25-SENTIMO,2025,"  61,000 ", AL04016C ,01-04a-00564,1,,564
458421st,4-Jul-25,1st,DMD,25-SENTIMO,2025,"  60,000 ", AL03969A ,01-04a-00565,1,,565
458421st,4-Jul-25,1st,DMD,25-SENTIMO,2025,"  60,000 ", AL03969B ,01-04a-00566,1,,566
458421st,4-Jul-25,1st,DMD,25-SENTIMO,2025,"  62,000 ", AL03969C ,01-04a-00567,1,,567
458421st,4-Jul-25,1st,DMD,25-SENTIMO,2025,"  37,000 ",,,,,0
458451st,7-Jul-25,1st,DMD,25-SENTIMO,2025,"  23,000 ", AL03962A ,01-04a-00568,1,,568
458451st,7-Jul-25,1st,DMD,25-SENTIMO,2025,"  60,000 ", AL03962B ,01-04a-00569,1,,569
458451st,7-Jul-25,1st,DMD,25-SENTIMO,2025,"  67,000 ", AL03962C ,01-04a-00570,1,,570
458461st,8-Jul-25,1st,DMD,25-SENTIMO,2025,"  60,000 ", AL03909A ,01-04a-00571,1,,571
458461st,8-Jul-25,1st,DMD,25-SENTIMO,2025,"  60,000 ", AL03909B ,01-04a-00572,1,,572
458461st,8-Jul-25,1st,DMD,25-SENTIMO,2025,"  74,000 ", AL03909C ,01-04a-00573,1,,573
458471st,9-Jul-25,1st,DMD,25-SENTIMO,2025,"  60,000 ", AL03921A ,01-04a-00574,1,,574
458471st,9-Jul-25,1st,DMD,25-SENTIMO,2025,"  60,000 ", AL03921B ,01-04a-00575,1,,575
458471st,9-Jul-25,1st,DMD,25-SENTIMO,2025,"  62,000 ", AL03921C ,01-04a-00576,1,,576
458471st,9-Jul-25,1st,DMD,25-SENTIMO,2025,"  60,000 ", AL03904A ,01-04a-00577,1,,577
458471st,9-Jul-25,1st,DMD,25-SENTIMO,2025,"  60,000 ", AL03904B ,01-04a-00578,1,,578
458481st,10-Jul-25,1st,DMD,25-SENTIMO,2025,"  63,000 ", AL03904C ,01-04a-00579,1,,579
458481st,10-Jul-25,1st,DMD,25-SENTIMO,2025,"  60,000 ", AL03910A ,01-04a-00580,1,,580
458481st,10-Jul-25,1st,DMD,25-SENTIMO,2025,"  60,000 ", AL03910B ,01-04a-00581,1,,581
458481st,10-Jul-25,1st,DMD,25-SENTIMO,2025,"  74,000 ", AL03910C ,01-04a-00582,1,,582
458481st,10-Jul-25,1st,DMD,25-SENTIMO,2025,"  60,000 ", AL03919A ,01-04a-00583,1,,583
458491st,11-Jul-25,1st,DMD,25-SENTIMO,2025,"  60,000 ", AL03919B ,01-04a-00584,1,,584
458491st,11-Jul-25,1st,DMD,25-SENTIMO,2025,"  65,000 ", AL03919C ,01-04a-00585,1,,585
458491st,11-Jul-25,1st,DMD,25-SENTIMO,2025,"  60,000 ", AL04095A ,01-04a-00586,1,,586
458491st,11-Jul-25,1st,DMD,25-SENTIMO,2025,"  60,000 ", AL04095B ,01-04a-00587,1,,587
458491st,11-Jul-25,1st,DMD,25-SENTIMO,2025,"  69,000 ", AL04095C ,01-04a-00588,1,,588
458521st,14-Jul-25,1st,DMD,25-SENTIMO,2025,"  60,000 ", AL03981A ,01-04a-00589,1,,589
458521st,14-Jul-25,1st,DMD,25-SENTIMO,2025,"  60,000 ", AL03981B ,01-04a-00590,1,,590
458521st,14-Jul-25,1st,DMD,25-SENTIMO,2025,"  71,000 ", AL03981C ,01-04a-00591,1,,591
458521st,14-Jul-25,1st,DMD,25-SENTIMO,2025,"  60,000 ", AL03988A ,01-04a-00592,1,,592
458521st,14-Jul-25,1st,DMD,25-SENTIMO,2025,"  60,000 ", AL03988B ,01-04a-00593,1,,593
458531st,15-Jul-25,1st,DMD,25-SENTIMO,2025,"  68,000 ", AL03988C ,01-04a-00594,1,,594
458531st,15-Jul-25,1st,DMD,25-SENTIMO,2025,"  60,000 ", AL03989A ,01-04a-00595,1,,595
458531st,15-Jul-25,1st,DMD,25-SENTIMO,2025,"  60,000 ", AL03989B ,01-04a-00596,1,,596
458531st,15-Jul-25,1st,DMD,25-SENTIMO,2025,"  72,000 ", AL03989C ,01-04a-00597,1,,597
458531st,15-Jul-25,1st,DMD,25-SENTIMO,2025,"  60,000 ", AL03932A ,01-04a-00598,1,,598
458541st,16-Jul-25,1st,DMD,25-SENTIMO,2025,"  60,000 ", AL03932B ,01-04a-00599,1,,599
458541st,16-Jul-25,1st,DMD,25-SENTIMO,2025,"  74,000 ", AL03932C ,01-04a-00600,1,,600
458541st,16-Jul-25,1st,DMD,25-SENTIMO,2025,"  60,000 ", AL04070A ,01-04a-00601,1,,601
458541st,16-Jul-25,1st,DMD,25-SENTIMO,2025,"  48,000 ",,,,,0
458551st,17-Jul-25,1st,DMD,25-SENTIMO,2025,"  12,000 ", AL04070B ,01-04a-00602,1,,602
458551st,17-Jul-25,1st,DMD,25-SENTIMO,2025,"  70,000 ", AL04070C ,01-04a-00603,1,,603
458551st,17-Jul-25,1st,DMD,25-SENTIMO,2025,"  60,000 ", AL03940A ,01-04a-00604,1,,604
458551st,17-Jul-25,1st,DMD,25-SENTIMO,2025,"  60,000 ", AL03940B ,01-04a-00605,1,,605
458551st,17-Jul-25,1st,DMD,25-SENTIMO,2025,"  61,000 ", AL03940C ,01-04a-00606,1,,606
458551st,17-Jul-25,1st,DMD,25-SENTIMO,2025,"  25,000 ",,,,,0
458561st,18-Jul-25,1st,DMD,25-SENTIMO,2025,"  35,000 ", AL04074A ,01-04a-00607,1,,607
458561st,18-Jul-25,1st,DMD,25-SENTIMO,2025,"  60,000 ", AL04074B ,01-04a-00608,1,,608
458561st,18-Jul-25,1st,DMD,25-SENTIMO,2025,"  65,000 ", AL04074C ,01-04a-00609,1,,609
458561st,18-Jul-25,1st,DMD,25-SENTIMO,2025,"  60,000 ", AL04071A ,01-04a-00610,1,,610
458561st,18-Jul-25,1st,DMD,25-SENTIMO,2025,"  60,000 ", AL04071B ,01-04a-00611,1,,611
458561st,18-Jul-25,1st,DMD,25-SENTIMO,2025,"  40,000 ",,,,,0
458591st,21-Jul-25,1st,DMD,25-SENTIMO,2025,"  32,000 ", AL04071C ,01-04a-00612,1,,612
458591st,21-Jul-25,1st,DMD,25-SENTIMO,2025,"  60,000 ", AL04113A ,01-04a-00613,1,,613
458591st,21-Jul-25,1st,DMD,25-SENTIMO,2025,"  60,000 ", AL04113B ,01-04a-00614,1,,614
458591st,21-Jul-25,1st,DMD,25-SENTIMO,2025,"  73,000 ", AL04113C ,01-04a-00615,1,,615
458591st,21-Jul-25,1st,DMD,25-SENTIMO,2025,"  33,000 ",,,,,0
458661st,28-Jul-25,1st,DMD,25-SENTIMO,2025,"  27,000 ", AL04132A ,01-04a-00616,1,,616
458661st,28-Jul-25,1st,DMD,25-SENTIMO,2025,"  60,000 ", AL04132B ,01-04a-00617,1,,617
458661st,28-Jul-25,1st,DMD,25-SENTIMO,2025,"  64,000 ", AL04132C ,01-04a-00618,1,,618
458661st,28-Jul-25,1st,DMD,25-SENTIMO,2025,"  60,000 ", AL00490A ,01-04a-00619,1,,619
458661st,28-Jul-25,1st,DMD,25-SENTIMO,2025,"  40,000 ",,,,,0
458671st,29-Jul-25,1st,DMD,25-SENTIMO,2025,"  20,000 ", AL00490B ,01-04a-00620,1,,620
458671st,29-Jul-25,1st,DMD,25-SENTIMO,2025,"  66,000 ", AL00490C ,01-04a-00621,1,,621
458671st,29-Jul-25,1st,DMD,25-SENTIMO,2025,"  60,000 ", AL003996A ,01-04a-00622,1,,622
458671st,29-Jul-25,1st,DMD,25-SENTIMO,2025,"  60,000 ", AL003996B ,01-04a-00623,1,,623
458681st,30-Jul-25,1st,DMD,25-SENTIMO,2025,"  65,000 ", AL003996C ,01-04a-00624,1,,624
458681st,30-Jul-25,1st,DMD,25-SENTIMO,2025,"  60,000 ", AL004043A ,01-04a-00625,1,,625
458681st,30-Jul-25,1st,DMD,25-SENTIMO,2025,"  60,000 ", AL004043B ,01-04a-00626,1,,626
458681st,30-Jul-25,1st,DMD,25-SENTIMO,2025,"  82,000 ", AL004043C ,01-04a-00627,1,,627
458691st,31-Jul-25,1st,DMD,25-SENTIMO,2025,"  60,000 ", AL003938A ,01-04a-00628,1,,628
458691st,31-Jul-25,1st,DMD,25-SENTIMO,2025,"  60,000 ", AL003938B ,01-04a-00629,1,,629
458701st,1-Aug-25,1st,DMD,25-SENTIMO,2025,"  60,000 ", AL003938C ,01-04a-00630,1,,630
458701st,1-Aug-25,1st,DMD,25-SENTIMO,2025,"  60,000 ", AL004040A ,01-04a-00631,1,,631
458701st,1-Aug-25,1st,DMD,25-SENTIMO,2025,"  60,000 ", AL004040B ,01-04a-00632,1,,632
458701st,1-Aug-25,1st,DMD,25-SENTIMO,2025,"  60,000 ", AL004040C ,01-04a-00633,1,,633
458701st,1-Aug-25,1st,DMD,25-SENTIMO,2025,"  40,000 ",,,,,0
458731st,4-Aug-25,1st,JMG,25-SENTIMO,2025,"  20,000 ", AL04036A ,01-04a-00634,1,,634
458731st,4-Aug-25,1st,JMG,25-SENTIMO,2025,"  60,000 ", AL04036B ,01-04a-00635,1,,635
458731st,4-Aug-25,1st,JMG,25-SENTIMO,2025,"  73,100 ", AL04036C ,01-04a-00636,1,,636
458731st,4-Aug-25,1st,JMG,25-SENTIMO,2025,"  30,000 ",,,,,0
458741st,5-Aug-25,1st,JMG,25-SENTIMO,2025,"  30,000 ", AL04046A ,01-04a-00637,1,,637
458741st,5-Aug-25,1st,JMG,25-SENTIMO,2025,"  60,000 ", AL04046B ,01-04a-00638,1,,638
458741st,5-Aug-25,1st,JMG,25-SENTIMO,2025,"  65,000 ", AL04046C ,01-04a-00639,1,,639
458741st,5-Aug-25,1st,JMG,25-SENTIMO,2025,"  60,000 ", AL04166A ,01-04a-00640,1,,640
458741st,5-Aug-25,1st,JMG,25-SENTIMO,2025,"  40,000 ",,,,,0
458751st,6-Aug-25,1st,JMG,25-SENTIMO,2025,"  20,000 ", AL04166B ,01-04a-00641,1,,641
458751st,6-Aug-25,1st,JMG,25-SENTIMO,2025,"  66,300 ", AL04166C ,01-04a-00642,1,,642
458751st,6-Aug-25,1st,JMG,25-SENTIMO,2025,"  60,000 ", AL04193A ,01-04a-00643,1,,643
458751st,6-Aug-25,1st,JMG,25-SENTIMO,2025,"  60,000 ", AL04193B ,01-04a-00644,1,,644
458751st,6-Aug-25,1st,JMG,25-SENTIMO,2025,"  30,000 ",,,,,0
458761st,7-Aug-25,1st,JMG,25-SENTIMO,2025,"  35,000 ", AL04193C ,01-04a-00645,1,,645
458761st,7-Aug-25,1st,JMG,25-SENTIMO,2025,"  60,000 ", AL04289A ,01-04a-00646,1,,646
458761st,7-Aug-25,1st,JMG,25-SENTIMO,2025,"  60,000 ", AL04289B ,01-04a-00647,1,,647
458761st,7-Aug-25,1st,JMG,25-SENTIMO,2025,"  65,000 ", AL04289C ,01-04a-00648,1,,648
458761st,7-Aug-25,1st,JMG,25-SENTIMO,2025,"  40,000 ",,,,,0
458771st,8-Aug-25,1st,JMG,25-SENTIMO,2025,"  20,000 ", AL04292A ,01-04a-00649,1,,649
458771st,8-Aug-25,1st,JMG,25-SENTIMO,2025,"  60,000 ", AL04292B ,01-04a-00650,1,,650
458771st,8-Aug-25,1st,JMG,25-SENTIMO,2025,"  65,000 ", AL04292C ,01-04a-00651,1,,651
458771st,8-Aug-25,1st,JMG,25-SENTIMO,2025,"  60,000 ", AL04216A ,01-04a-00652,1,,652
458771st,8-Aug-25,1st,JMG,25-SENTIMO,2025,"  20,000 ",,,,,0
458801st,11-Aug-25,1st,JMG,25-SENTIMO,2025,"  40,000 ", AL04216B ,01-04a-00653,1,,653
458801st,11-Aug-25,1st,JMG,25-SENTIMO,2025,"  65,200 ", AL04216C ,01-04a-00654,1,,654
458801st,11-Aug-25,1st,JMG,25-SENTIMO,2025,"  60,000 ", AL04239A ,01-04a-00655,1,,655
458801st,11-Aug-25,1st,JMG,25-SENTIMO,2025,"  60,000 ", AL04239B ,01-04a-00656,1,,656
458801st,11-Aug-25,1st,JMG,25-SENTIMO,2025,"  40,000 ",,,,,0
458811st,12-Aug-25,1st,JMG,25-SENTIMO,2025,"  27,900 ", AL04239C ,01-04a-00657,1,,657
458971st,28-Aug-25,1st,JMG,25-SENTIMO,2025,"  60,000 ", AL04141A ,01-04a-00658,1,,658
458971st,28-Aug-25,1st,JMG,25-SENTIMO,2025,"  15,000 ",,,,,0
458981st,29-Aug-25,1st,JMG,25-SENTIMO,2025,"  45,000 ", AL04141B ,01-04a-00659,1,,659
458981st,29-Aug-25,1st,JMG,25-SENTIMO,2025,"  65,650 ", AL04141C ,01-04a-00660,1,,660
459021st,2-Sep-25,1st,DITC,25-SENTIMO,2025,"  60,000 ", AL00563A ,01-04a-00661,1,,661
459021st,2-Sep-25,1st,DITC,25-SENTIMO,2025,"  60,000 ", AL00563B ,01-04a-00662,1,,662
459021st,2-Sep-25,1st,DITC,25-SENTIMO,2025,"  60,000 ", AL00563C ,01-04a-00663,1,,663
459021st,2-Sep-25,1st,DITC,25-SENTIMO,2025,"  60,000 ", AL00397A ,01-04a-00664,1,,664
459021st,2-Sep-25,1st,DITC,25-SENTIMO,2025,"  30,000 ",,,,,0
459031st,3-Sep-25,1st,DITC,25-SENTIMO,2025,"  30,000 ", AL00397B ,01-04a-00665,1,,665
459031st,3-Sep-25,1st,DITC,25-SENTIMO,2025,"  60,500 ", AL00397C ,01-04a-00666,1,,666
459031st,3-Sep-25,1st,DITC,25-SENTIMO,2025,"  60,000 ", AL00593A ,01-04a-00667,1,,667
459031st,3-Sep-25,1st,DITC,25-SENTIMO,2025,"  20,000 ",,,,,0
459041st,4-Sep-25,1st,DITC,25-SENTIMO,2025,"  40,000 ", AL00593B ,01-04a-00668,1,,668
459041st,4-Sep-25,1st,DITC,25-SENTIMO,2025,"  60,000 ", AL00593C ,01-04a-00669,1,,669
459041st,4-Sep-25,1st,DITC,25-SENTIMO,2025,"  60,000 ", AL00392A ,01-04a-00670,1,,670
459041st,4-Sep-25,1st,DITC,25-SENTIMO,2025,"  60,000 ", AL00392B ,01-04a-00671,1,,671
459041st,4-Sep-25,1st,DITC,25-SENTIMO,2025,"  60,000 ", AL00392C ,01-04a-00672,1,,672
459051st,5-Sep-25,1st,MJSC,25-SENTIMO,2025,"  60,000 ", AL00409A ,01-04a-00673,1,,673
459051st,5-Sep-25,1st,MJSC,25-SENTIMO,2025,"  60,000 ", AL00409B ,01-04a-00674,1,,674
459051st,5-Sep-25,1st,MJSC,25-SENTIMO,2025,"  60,000 ", AL00409C ,01-04a-00675,1,,675
459051st,5-Sep-25,1st,MJSC,25-SENTIMO,2025,"  60,000 ", AL00591A ,01-04a-00676,1,,676
459051st,5-Sep-25,1st,MJSC,25-SENTIMO,2025,"  40,000 ",,,,,0
459081st,8-Sep-25,1st,MJSC,25-SENTIMO,2025,"  20,000 ", AL00591B ,01-04a-00677,1,,677
459081st,8-Sep-25,1st,MJSC,25-SENTIMO,2025,"  60,000 ", AL00591C ,01-04a-00678,1,,678
459081st,8-Sep-25,1st,MJSC,25-SENTIMO,2025,"  60,000 ", AL00459A ,01-04a-00679,1,,679
459081st,8-Sep-25,1st,MJSC,25-SENTIMO,2025,"  60,000 ", AL00459B ,01-04a-00680,1,,680
459081st,8-Sep-25,1st,MJSC,25-SENTIMO,2025,"  60,000 ", AL00459C ,01-04a-00681,1,,681
459091st,9-Sep-25,1st,MJSC,25-SENTIMO,2025,"  60,000 ", AL00500A ,01-04a-00682,1,,682
459091st,9-Sep-25,1st,MJSC,25-SENTIMO,2025,"  60,000 ", AL00500B ,01-04a-00683,1,,683
459091st,9-Sep-25,1st,MJSC,25-SENTIMO,2025,"  60,000 ", AL00500C ,01-04a-00684,1,,684
459091st,9-Sep-25,1st,MJSC,25-SENTIMO,2025,"  60,000 ", AL00478A ,01-04a-00685,1,,685
459091st,9-Sep-25,1st,MJSC,25-SENTIMO,2025,"  50,000 ",,,,,0
459101st,10-Sep-25,1st,DITC,25-SENTIMO,2025,"  10,000 ", AL00478B ,01-04a-00686,1,,686
459101st,10-Sep-25,1st,DITC,25-SENTIMO,2025,"  60,000 ", AL00478C ,01-04a-00687,1,,687
459101st,10-Sep-25,1st,DITC,25-SENTIMO,2025,"  60,000 ", AL00417A ,01-04a-00688,1,,688
459101st,10-Sep-25,1st,DITC,25-SENTIMO,2025,"  60,000 ", AL00417B ,01-04a-00689,1,,689
459101st,10-Sep-25,1st,DITC,25-SENTIMO,2025,"  60,000 ", AL00417C ,01-04a-00690,1,,690
459101st,10-Sep-25,1st,DITC,25-SENTIMO,2025,"  15,000 ",,,,,0
459111st,11-Sep-25,1st,DITC,25-SENTIMO,2025,"  45,000 ", AL00509A ,01-04a-00691,1,,691
459111st,11-Sep-25,1st,DITC,25-SENTIMO,2025,"  60,000 ", AL00509B ,01-04a-00692,1,,692
459111st,11-Sep-25,1st,DITC,25-SENTIMO,2025,"  60,000 ", AL00509C ,01-04a-00693,1,,693
459111st,11-Sep-25,1st,DITC,25-SENTIMO,2025,"  60,000 ", AL00440A ,01-04a-00694,1,,694
459121st,12-Sep-25,1st,DITC,25-SENTIMO,2025,"  60,000 ", AL00440B ,01-04a-00695,1,,695
459121st,12-Sep-25,1st,DITC,25-SENTIMO,2025,"  60,000 ", AL00440C ,01-04a-00696,1,,696
459121st,12-Sep-25,1st,DITC,25-SENTIMO,2025,"  60,000 ", AL00538A ,01-04a-00697,1,,697
459121st,12-Sep-25,1st,DITC,25-SENTIMO,2025,"  60,000 ", AL00538B ,01-04a-00698,1,,698
459121st,12-Sep-25,1st,DITC,25-SENTIMO,2025,"  40,000 ",,,,,0
459151st,15-Sep-25,1st,DITC,25-SENTIMO,2025,"  20,000 ", AL00538C ,01-04a-00699,1,,699
459151st,15-Sep-25,1st,DITC,25-SENTIMO,2025,"  60,000 ", AL00529A ,01-04a-00700,1,,700
459151st,15-Sep-25,1st,DITC,25-SENTIMO,2025,"  60,000 ", AL00529B ,01-04a-00701,1,,701
459151st,15-Sep-25,1st,DITC,25-SENTIMO,2025,"  60,000 ", AL00529C ,01-04a-00702,1,,702
459151st,15-Sep-25,1st,DITC,25-SENTIMO,2025,"  60,000 ", AL00462A ,01-04a-00703,1,,703
459151st,15-Sep-25,1st,DITC,25-SENTIMO,2025,"  40,000 ",,,,,0
459161st,16-Sep-25,1st,DITC,25-SENTIMO,2025,"  20,000 ", AL00462B ,01-04a-00704,1,,704
459161st,16-Sep-25,1st,DITC,25-SENTIMO,2025,"  61,000 ", AL00462C ,01-04a-00705,1,,705
459161st,16-Sep-25,1st,DITC,25-SENTIMO,2025,"  60,000 ", AL00559A ,01-04a-00706,1,,706
459161st,16-Sep-25,1st,DITC,25-SENTIMO,2025,"  60,000 ", AL00559B ,01-04a-00707,1,,707
459161st,16-Sep-25,1st,DITC,25-SENTIMO,2025,"  62,000 ", AL00559C ,01-04a-00708,1,,708
,,,,,,,,,,,0
,,,,,,,,,,,0
,,,,,,,,,,,0
,,,,,,,,,,,0
,,,,,,,,,,,0
,,,,,,,,,,,0
,,,,,,,,,,,0
,,,,,,,,,,,0
,,,,,,,,,,,0
,,,,,,,,,,,0
,,,,,,,,,,,0
,,,,,,,,,,,0
,,,,,,,,,,,0
,,,,,,,,,,,0
,,,,,,,,,,,0
,,,,,,,,,,,0
,,,,,,,,,,,0
,,,,,,,,,,,0
,,,,,,,,,,,0
,,,,,,,,,,,0
,,,,,,,,,,,0
,,,,,,,,,,,0
,,,,,,,,,,,0
,,,,,,,,,,,0
,,,,,,,,,,,0
,,,,,,,,,,,0
,,,,,,,,,,,0
,,,,,,,,,,,0
,,,,,,,,,,,0
,,,,,,,,,,,0
,,,,,,,,,,,0
,,,,,,,,,,,0
,,,,,,,,,,,0
,,,,,,,,,,,0
,,,,,,,,,,,0
,,,,,,,,,,,0
,,,,,,,,,,,0
,,,,,,,,,,,0
,,,,,,,,,,,0
,,,,,,,,,,,0
,,,,,,,,,,,0
,,,,,,,,,,,0
,,,,,,,,,,,0
,,,,,,,,,,,0
,,,,,,,,,,,0
,,,,,,,,,,,0
,,,,,,,,,,,0
,,,,,,,,,,,0
,,,,,,,,,,,0
,,,,,,,,,,,0
,,,,,,,,,,,0
,,,,,,,,,,,0
,,,,,,,,,,,0
,,,,,,,,,,,0
,,,,,,,,,,,0
,,,,,,,,,,,0
,,,,,,,,,,,0
,,,,,,,,,,,0
,,,,,,,,,,,0
,,,,,,,,,,,0
,,,,,,,,,,,0
,,,,,,,,,,,0
,,,,,,,,,,,0
,,,,,,,,,,,0
,,,,,,,,,,,0
,,,,,,,,,,,0
,,,,,,,,,,,0
,,,,,,,,,,,0
,,,,,,,,,,,0
,,,,,,,,,,,0
,,,,,,,,,,,0
,,,,,,,,,,,0
,,,,,,,,,,,0
,,,,,,,,,,,0
,,,,,,,,,,,0
,,,,,,,,,,,0
,,,,,,,,,,,0
,,,,,,,,,,,0
,,,,,,,,,,,0
,,,,,,,,,,,0
,,,,,,,,,,,0
,,,,,,,,,,,0
,,,,,,,,,,,0
,,,,,,,,,,,0
,,,,,,,,,,,0
,,,,,,,,,,,0
,,,,,,,,,,,0
,,,,,,,,,,,0
,,,,,,,,,,,0
,,,,,,,,,,,0
,,,,,,,,,,,0
,,,,,,,,,,,0
,,,,,,,,,,,0
,,,,,,,,,,,0
,,,,,,,,,,,0
,,,,,,,,,,,0
,,,,,,,,,,,0
,,,,,,,,,,,0
,,,,,,,,,,,0
,,,,,,,,,,,0
,,,,,,,,,,,0
,,,,,,,,,,,0
,,,,,,,,,,,0
,,,,,,,,,,,0
,,,,,,,,,,,0
,,,,,,,,,,,0
,,,,,,,,,,,0
,,,,,,,,,,,0
,,,,,,,,,,,0
,,,,,,,,,,,0
,,,,,,,,,,,0
,,,,,,,,,,,0
,,,,,,,,,,,0
,,,,,,,,,,,0
,,,,,,,,,,,0
,,,,,,,,,,,0
,,,,,,,,,,,0
,,,,,,,,,,,0
,,,,,,,,,,,0
,,,,,,,,,,,0
,,,,,,,,,,,0
,,,,,,,,,,,0
,,,,,,,,,,,0
,,,,,,,,,,,0
,,,,,,,,,,,0
,,,,,,,,,,,0
,,,,,,,,,,,0
,,,,,,,,,,,0
,,,,,,,,,,,0
,,,,,,,,,,,0
,,,,,,,,,,,0
,,,,,,,,,,,0
,,,,,,,,,,,0
,,,,,,,,,,,0
,,,,,,,,,,,0
,,,,,,,,,,,0
,,,,,,,,,,,0
,,,,,,,,,,,0
,,,,,,,,,,,0
,,,,,,,,,,,0
,,,,,,,,,,,0
,,,,,,,,,,,0
,,,,,,,,,,,0
,,,,,,,,,,,0
,,,,,,,,,,,0
,,,,,,,,,,,0
,,,,,,,,,,,0
,,,,,,,,,,,0
,,,,,,,,,,,0
,,,,,,,,,,,0
,,,,,,,,,,,0
,,,,,,,,,,,0
,,,,,,,,,,,0
,,,,,,,,,,,0
,,,,,,,,,,,0
,,,,,,,,,,,0
,,,,,,,,,,,0
,,,,,,,,,,,0
,,,,,,,,,,,0
,,,,,,,,,,,0
,,,,,,,,,,,0
,,,,,,,,,,,0
,,,,,,,,,,,0
,,,,,,,,,,,0
,,,,,,,,,,,0
,,,,,,,,,,,0
,,,,,,,,,,,0
,,,,,,,,,,,0
,,,,,,,,,,,0
,,,,,,,,,,,0
,,,,,,,,,,,0
,,,,,,,,,,,0
,,,,,,,,,,,0
,,,,,,,,,,,0
,,,,,,,,,,,0
,,,,,,,,,,,0
,,,,,,,,,,,0
,,,,,,,,,,,0
,,,,,,,,,,,0
,,,,,,,,,,,0
,,,,,,,,,,,0
,,,,,,,,,,,0
,,,,,,,,,,,0
,,,,,,,,,,,0
,,,,,,,,,,,0
,,,,,,,,,,,0
,,,,,,,,,,,0
,,,,,,,,,,,0
,,,,,,,,,,,0
,,,,,,,,,,,0
,,,,,,,,,,,0
,,,,,,,,,,,0
,,,,,,,,,,,0
,,,,,,,,,,,0
,,,,,,,,,,,0
,,,,,,,,,,,0
,,,,,,,,,,,0
,,,,,,,,,,,0
,,,,,,,,,,,0
,,,,,,,,,,,0
,,,,,,,,,,,0
,,,,,,,,,,,0
,,,,,,,,,,,0
,,,,,,,,,,,0
,,,,,,,,,,,0
,,,,,,,,,,,0
,,,,,,,,,,,0
,,,,,,,,,,,0
,,,,,,,,,,,0
,,,,,,,,,,,0
,,,,,,,,,,,0
,,,,,,,,,,,0
,,,,,,,,,,,0
,,,,,,,,,,,0
,,,,,,,,,,,0
,,,,,,,,,,,0
,,,,,,,,,,,0
,,,,,,,,,,,0
,,,,,,,,,,,0
,,,,,,,,,,,0
,,,,,,,,,,,0
,,,,,,,,,,,0
,,,,,,,,,,,0
,,,,,,,,,,,0
,,,,,,,,,,,0
,,,,,,,,,,,0
,,,,,,,,,,,0
,,,,,,,,,,,0
,,,,,,,,,,,0
,,,,,,,,,,,0
,,,,,,,,,,,0
,,,,,,,,,,,0
,,,,,,,,,,,0
,,,,,,,,,,,0
,,,,,,,,,,,0
,,,,,,,,,,,0
,,,,,,,,,,,0
,,,,,,,,,,,0
,,,,,,,,,,,0
,,,,,,,,,,,0
,,,,,,,,,,,0
,,,,,,,,,,,0
,,,,,,,,,,,0
,,,,,,,,,,,0
,,,,,,,,,,,0
,,,,,,,,,,,0
,,,,,,,,,,,0
,,,,,,,,,,,0
,,,,,,,,,,,0
,,,,,,,,,,,0
,,,,,,,,,,,0
,,,,,,,,,,,0
,,,,,,,,,,,0
,,,,,,,,,,,0
,,,,,,,,,,,0
,,,,,,,,,,,0
,,,,,,,,,,,0
,,,,,,,,,,,0
,,,,,,,,,,,0
,,,,,,,,,,,0
,,,,,,,,,,,0
,,,,,,,,,,,0
,,,,,,,,,,,0
,,,,,,,,,,,0
,,,,,,,,,,,0
,,,,,,,,,,,0
,,,,,,,,,,,0
,,,,,,,,,,,0
,,,,,,,,,,,0
,,,,,,,,,,,0
,,,,,,,,,,,0
,,,,,,,,,,,0
,,,,,,,,,,,0
,,,,,,,,,,,0
,,,,,,,,,,,0
,,,,,,,,,,,0
,,,,,,,,,,,0
,,,,,,,,,,,0
,,,,,,,,,,,0
,,,,,,,,,,,0
,,,,,,,,,,,0
,,,,,,,,,,,0
,,,,,,,,,,,0
,,,,,,,,,,,0
,,,,,,,,,,,0
,,,,,,,,,,,0
,,,,,,,,,,,0
,,,,,,,,,,,0
,,,,,,,,,,,0
,,,,,,,,,,,0
,,,,,,,,,,,0
,,,,,,,,,,,0
,,,,,,,,,,,0
,,,,,,,,,,,0
,,,,,,,,,,,0
,,,,,,,,,,,0
,,,,,,,,,,,0
,,,,,,,,,,,0
,,,,,,,,,,,0
,,,,,,,,,,,0
,,,,,,,,,,,0
,,,,,,,,,,,0
,,,,,,,,,,,0
,,,,,,,,,,,0
,,,,,,,,,,,0
,,,,,,,,,,,0
,,,,,,,,,,,0
,,,,,,,,,,,0
,,,,,,,,,,,0
,,,,,,,,,,,0
,,,,,,,,,,,0
,,,,,,,,,,,0
,,,,,,,,,,,0
,,,,,,,,,,,0
,,,,,,,,,,,0
,,,,,,,,,,,0
,,,,,,,,,,,0
,,,,,,,,,,,0
,,,,,,,,,,,0
,,,,,,,,,,,0
,,,,,,,,,,,0
,,,,,,,,,,,0
,,,,,,,,,,,0
,,,,,,,,,,,0
,,,,,,,,,,,0
,,,,,,,,,,,0
,,,,,,,,,,,0
,,,,,,,,,,,0
,,,,,,,,,,,0
,,,,,,,,,,,0
,,,,,,,,,,,0
,,,,,,,,,,,0
,,,,,,,,,,,0
,,,,,,,,,,,0
,,,,,,,,,,,0
,,,,,,,,,,,0
,,,,,,,,,,,0
,,,,,,,,,,,0
,,,,,,,,,,,0
,,,,,,,,,,,0
,,,,,,,,,,,0
,,,,,,,,,,,0
,,,,,,,,,,,0
,,,,,,,,,,,0
,,,,,,,,,,,0
,,,,,,,,,,,0
,,,,,,,,,,,0
,,,,,,,,,,,0
,,,,,,,,,,,0
,,,,,,,,,,,0
,,,,,,,,,,,0
,,,,,,,,,,,0
,,,,,,,,,,,0
,,,,,,,,,,,0
,,,,,,,,,,,0
,,,,,,,,,,,0
,,,,,,,,,,,0
,,,,,,,,,,,0
,,,,,,,,,,,0
,,,,,,,,,,,0
,,,,,,,,,,,0
,,,,,,,,,,,0
,,,,,,,,,,,0
,,,,,,,,,,,0
,,,,,,,,,,,0
,,,,,,,,,,,0
,,,,,,,,,,,0
,,,,,,,,,,,0
,,,,,,,,,,,0
,,,,,,,,,,,0
,,,,,,,,,,,0
,,,,,,,,,,,0
,,,,,,,,,,,0
,,,,,,,,,,,0
,,,,,,,,,,,0
,,,,,,,,,,,0
,,,,,,,,,,,0
,,,,,,,,,,,0
,,,,,,,,,,,0
,,,,,,,,,,,0
,,,,,,,,,,,0
,,,,,,,,,,,0
,,,,,,,,,,,0
,,,,,,,,,,,0
,,,,,,,,,,,0
,,,,,,,,,,,0
,,,,,,,,,,,0
,,,,,,,,,,,0
,,,,,,,,,,,0
,,,,,,,,,,,0
,,,,,,,,,,,0
,,,,,,,,,,,0
,,,,,,,,,,,0
,,,,,,,,,,,0
,,,,,,,,,,,0
,,,,,,,,,,,0
,,,,,,,,,,,0
,,,,,,,,,,,0
,,,,,,,,,,,0
,,,,,,,,,,,0
,,,,,,,,,,,0
,,,,,,,,,,,0
,,,,,,,,,,,0
,,,,,,,,,,,0
,,,,,,,,,,,0
,,,,,,,,,,,0
,,,,,,,,,,,0
,,,,,,,,,,,0
,,,,,,,,,,,0
,,,,,,,,,,,0
,,,,,,,,,,,0
,,,,,,,,,,,0
,,,,,,,,,,,0
,,,,,,,,,,,0
,,,,,,,,,,,0
,,,,,,,,,,,0
,,,,,,,,,,,0
,,,,,,,,,,,0
,,,,,,,,,,,0
,,,,,,,,,,,0
,,,,,,,,,,,0
,,,,,,,,,,,0
,,,,,,,,,,,0
,,,,,,,,,,,0
,,,,,,,,,,,0
,,,,,,,,,,,0
,,,,,,,,,,,0
,,,,,,,,,,,0
,,,,,,,,,,,0
,,,,,,,,,,,0
,,,,,,,,,,,0
,,,,,,,,,,,0
,,,,,,,,,,,0
,,,,,,,,,,,0
,,,,,,,,,,,0
,,,,,,,,,,,0
,,,,,,,,,,,0
,,,,,,,,,,,0
,,,,,,,,,,,0
,,,,,,,,,,,0
,,,,,,,,,,,0
,,,,,,,,,,,0
,,,,,,,,,,,0
,,,,,,,,,,,0
,,,,,,,,,,,0
,,,,,,,,,,,0
,,,,,,,,,,,0
,,,,,,,,,,,0
,,,,,,,,,,,0
,,,,,,,,,,,0
,,,,,,,,,,,0
,,,,,,,,,,,0
,,,,,,,,,,,0
,,,,,,,,,,,0
,,,,,,,,,,,0
,,,,,,,,,,,0
,,,,,,,,,,,0
,,,,,,,,,,,0
,,,,,,,,,,,0
,,,,,,,,,,,0
,,,,,,,,,,,0
,,,,,,,,,,,0
,,,,,,,,,,,0
,,,,,,,,,,,0
,,,,,,,,,,,0
,,,,,,,,,,,0
,,,,,,,,,,,0
,,,,,,,,,,,0
,,,,,,,,,,,0
,,,,,,,,,,,0
,,,,,,,,,,,0
,,,,,,,,,,,0
,,,,,,,,,,,0
,,,,,,,,,,,0
,,,,,,,,,,,0
,,,,,,,,,,,0
,,,,,,,,,,,0
,,,,,,,,,,,0
,,,,,,,,,,,0
,,,,,,,,,,,0
,,,,,,,,,,,0
,,,,,,,,,,,0
,,,,,,,,,,,0
,,,,,,,,,,,0
,,,,,,,,,,,0
,,,,,,,,,,,0
,,,,,,,,,,,0
,,,,,,,,,,,0
,,,,,,,,,,,0
,,,,,,,,,,,0
,,,,,,,,,,,0
,,,,,,,,,,,0
,,,,,,,,,,,0
,,,,,,,,,,,0
,,,,,,,,,,,0
,,,,,,,,,,,0
,,,,,,,,,,,0
,,,,,,,,,,,0
,,,,,,,,,,,0
,,,,,,,,,,,0
,,,,,,,,,,,0
,,,,,,,,,,,0
,,,,,,,,,,,0
,,,,,,,,,,,0
,,,,,,,,,,,0
,,,,,,,,,,,0
,,,,,,,,,,,0
,,,,,,,,,,,0
,,,,,,,,,,,0
,,,,,,,,,,,0
,,,,,,,,,,,0
,,,,,,,,,,,0
,,,,,,,,,,,0
,,,,,,,,,,,0
,,,,,,,,,,,0
,,,,,,,,,,,0
,,,,,,,,,,,0
,,,,,,,,,,,0
,,,,,,,,,,,0
,,,,,,,,,,,0
,,,,,,,,,,,0
,,,,,,,,,,,0
,,,,,,,,,,,0
,,,,,,,,,,,0
,,,,,,,,,,,0
,,,,,,,,,,,0
,,,,,,,,,,,0
,,,,,,,,,,,0
,,,,,,,,,,,0
,,,,,,,,,,,0
,,,,,,,,,,,0
,,,,,,,,,,,0
,,,,,,,,,,,0
,,,,,,,,,,,0
,,,,,,,,,,,0
,,,,,,,,,,,0
,,,,,,,,,,,0
,,,,,,,,,,,0
,,,,,,,,,,,0
,,,,,,,,,,,0
,,,,,,,,,,,0
,,,,,,,,,,,0
,,,,,,,,,,,0
,,,,,,,,,,,0
,,,,,,,,,,,0
,,,,,,,,,,,0
,,,,,,,,,,,0
,,,,,,,,,,,0
,,,,,,,,,,,0
,,,,,,,,,,,0
,,,,,,,,,,,0
,,,,,,,,,,,0
,,,,,,,,,,,0
,,,,,,,,,,,0
,,,,,,,,,,,0
,,,,,,,,,,,0
,,,,,,,,,,,0
,,,,,,,,,,,0
,,,,,,,,,,,0
,,,,,,,,,,,0
,,,,,,,,,,,0
,,,,,,,,,,,0
,,,,,,,,,,,0
,,,,,,,,,,,0
,,,,,,,,,,,0
,,,,,,,,,,,0
,,,,,,,,,,,0
,,,,,,,,,,,0
,,,,,,,,,,,0
,,,,,,,,,,,0
,,,,,,,,,,,0
,,,,,,,,,,,0
,,,,,,,,,,,0
,,,,,,,,,,,0
,,,,,,,,,,,0
,,,,,,,,,,,0
,,,,,,,,,,,0
,,,,,,,,,,,0
,,,,,,,,,,,0
,,,,,,,,,,,0
,,,,,,,,,,,0
,,,,,,,,,,,0
,,,,,,,,,,,0
,,,,,,,,,,,0
,,,,,,,,,,,0
,,,,,,,,,,,0
,,,,,,,,,,,0
,,,,,,,,,,,0
,,,,,,,,,,,0
,,,,,,,,,,,0
,,,,,,,,,,,0
,,,,,,,,,,,0
,,,,,,,,,,,0
,,,,,,,,,,,0
,,,,,,,,,,,0
,,,,,,,,,,,0
,,,,,,,,,,,0
,,,,,,,,,,,0
,,,,,,,,,,,0
,,,,,,,,,,,0
,,,,,,,,,,,0
,,,,,,,,,,,0
,,,,,,,,,,,0
,,,,,,,,,,,0
,,,,,,,,,,,0
,,,,,,,,,,,0
,,,,,,,,,,,0
,,,,,,,,,,,0
,,,,,,,,,,,0
,,,,,,,,,,,0
,,,,,,,,,,,0
,,,,,,,,,,,0
,,,,,,,,,,,0
,,,,,,,,,,,0
,,,,,,,,,,,0
,,,,,,,,,,,0
,,,,,,,,,,,0
,,,,,,,,,,,0
,,,,,,,,,,,0
,,,,,,,,,,,0
,,,,,,,,,,,0
,,,,,,,,,,,0
,,,,,,,,,,,0
,,,,,,,,,,,0
,,,,,,,,,,,0
,,,,,,,,,,,0
,,,,,,,,,,,0
,,,,,,,,,,,0
,,,,,,,,,,,0
,,,,,,,,,,,0
,,,,,,,,,,,0
,,,,,,,,,,,0
,,,,,,,,,,,0
,,,,,,,,,,,0
,,,,,,,,,,,0
,,,,,,,,,,,0
,,,,,,,,,,,0
,,,,,,,,,,,0
,,,,,,,,,,,0
,,,,,,,,,,,0
,,,,,,,,,,,0
,,,,,,,,,,,0
,,,,,,,,,,,0
,,,,,,,,,,,0
,,,,,,,,,,,0
,,,,,,,,,,,0
,,,,,,,,,,,0
,,,,,,,,,,,0
,,,,,,,,,,,0
,,,,,,,,,,,0
,,,,,,,,,,,0
,,,,,,,,,,,0
,,,,,,,,,,,0
,,,,,,,,,,,0
,,,,,,,,,,,0
,,,,,,,,,,,0
,,,,,,,,,,,0
,,,,,,,,,,,0
,,,,,,,,,,,0
,,,,,,,,,,,0
,,,,,,,,,,,0
,,,,,,,,,,,0
,,,,,,,,,,,0
,,,,,,,,,,,0
,,,,,,,,,,,0
,,,,,,,,,,,0
,,,,,,,,,,,0
,,,,,,,,,,,0
,,,,,,,,,,,0
,,,,,,,,,,,0
,,,,,,,,,,,0
,,,,,,,,,,,0
,,,,,,,,,,,0
,,,,,,,,,,,0
,,,,,,,,,,,0
,,,,,,,,,,,0
,,,,,,,,,,,0
,,,,,,,,,,,0
,,,,,,,,,,,0
,,,,,,,,,,,0
,,,,,,,,,,,0
,,,,,,,,,,,0
,,,,,,,,,,,0
,,,,,,,,,,,0
,,,,,,,,,,,0
,,,,,,,,,,,0
,,,,,,,,,,,0
,,,,,,,,,,,0
,,,,,,,,,,,0
,,,,,,,,,,,0
,,,,,,,,,,,0
,,,,,,,,,,,0
,,,,,,,,,,,0
,,,,,,,,,,,0
,,,,,,,,,,,0
,,,,,,,,,,,0
,,,,,,,,,,,0
,,,,,,,,,,,0
,,,,,,,,,,,0
,,,,,,,,,,,0
,,,,,,,,,,,0
,,,,,,,,,,,0
,,,,,,,,,,,0
,,,,,,,,,,,0
,,,,,,,,,,,0
,,,,,,,,,,,0
,,,,,,,,,,,0
,,,,,,,,,,,0
,,,,,,,,,,,0
,,,,,,,,,,,0
,,,,,,,,,,,0
,,,,,,,,,,,0
,,,,,,,,,,,0
,,,,,,,,,,,0
,,,,,,,,,,,0
,,,,,,,,,,,0
,,,,,,,,,,,0
,,,,,,,,,,,0
,,,,,,,,,,,0
,,,,,,,,,,,0
,,,,,,,,,,,0
,,,,,,,,,,,0
,,,,,,,,,,,0
,,,,,,,,,,,0
,,,,,,,,,,,0
,,,,,,,,,,,0
,,,,,,,,,,,0
,,,,,,,,,,,0
,,,,,,,,,,,0
,,,,,,,,,,,0
,,,,,,,,,,,0
,,,,,,,,,,,0
,,,,,,,,,,,0
,,,,,,,,,,,0
,,,,,,,,,,,0
,,,,,,,,,,,0
,,,,,,,,,,,0
,,,,,,,,,,,0
,,,,,,,,,,,0
,,,,,,,,,,,0
,,,,,,,,,,,0
,,,,,,,,,,,0
,,,,,,,,,,,0
,,,,,,,,,,,0
,,,,,,,,,,,0
,,,,,,,,,,,0
,,,,,,,,,,,0
,,,,,,,,,,,0
,,,,,,,,,,,0
,,,,,,,,,,,0
,,,,,,,,,,,0
,,,,,,,,,,,0
,,,,,,,,,,,0
,,,,,,,,,,,0
,,,,,,,,,,,0
,,,,,,,,,,,0
,,,,,,,,,,,0
,,,,,,,,,,,0
,,,,,,,,,,,0
,,,,,,,,,,,0
,,,,,,,,,,,0
,,,,,,,,,,,0
,,,,,,,,,,,0
,,,,,,,,,,,0
,,,,,,,,,,,0
,,,,,,,,,,,0
,,,,,,,,,,,0
,,,,,,,,,,,0
,,,,,,,,,,,0
,,,,,,,,,,,0
,,,,,,,,,,,0
,,,,,,,,,,,0
,,,,,,,,,,,0
,,,,,,,,,,,0
,,,,,,,,,,,0
,,,,,,,,,,,0
,,,,,,,,,,,0
,,,,,,,,,,,0
,,,,,,,,,,,0
,,,,,,,,,,,0
,,,,,,,,,,,0
,,,,,,,,,,,0
,,,,,,,,,,,0
,,,,,,,,,,,0
,,,,,,,,,,,0
,,,,,,,,,,,0
,,,,,,,,,,,0
,,,,,,,,,,,0
,,,,,,,,,,,0
,,,,,,,,,,,0
,,,,,,,,,,,0
,,,,,,,,,,,0
,,,,,,,,,,,0
,,,,,,,,,,,0
,,,,,,,,,,,0
,,,,,,,,,,,0
,,,,,,,,,,,0
,,,,,,,,,,,0
,,,,,,,,,,,0
,,,,,,,,,,,0
,,,,,,,,,,,0
,,,,,,,,,,,0
,,,,,,,,,,,0
,,,,,,,,,,,0
,,,,,,,,,,,0
,,,,,,,,,,,0
,,,,,,,,,,,0
,,,,,,,,,,,0
,,,,,,,,,,,0
,,,,,,,,,,,0
,,,,,,,,,,,0
,,,,,,,,,,,0
,,,,,,,,,,,0
,,,,,,,,,,,0
,,,,,,,,,,,0
,,,,,,,,,,,0
,,,,,,,,,,,0
,,,,,,,,,,,0
,,,,,,,,,,,0
,,,,,,,,,,,0
,,,,,,,,,,,0
,,,,,,,,,,,0
,,,,,,,,,,,0
,,,,,,,,,,,0
,,,,,,,,,,,0
,,,,,,,,,,,0
,,,,,,,,,,,0
,,,,,,,,,,,0
,,,,,,,,,,,0
,,,,,,,,,,,0
,,,,,,,,,,,0
,,,,,,,,,,,0
,,,,,,,,,,,0
,,,,,,,,,,,0
,,,,,,,,,,,0
,,,,,,,,,,,0
,,,,,,,,,,,0
,,,,,,,,,,,0
,,,,,,,,,,,0
,,,,,,,,,,,0
,,,,,,,,,,,0
,,,,,,,,,,,0
,,,,,,,,,,,0
,,,,,,,,,,,0
,,,,,,,,,,,0
,,,,,,,,,,,0
,,,,,,,,,,,0
,,,,,,,,,,,0
,,,,,,,,,,,0
,,,,,,,,,,,0
,,,,,,,,,,,0
,,,,,,,,,,,0
,,,,,,,,,,,0
,,,,,,,,,,,0
,,,,,,,,,,,0
,,,,,,,,,,,0
,,,,,,,,,,,0
,,,,,,,,,,,0
,,,,,,,,,,,0
,,,,,,,,,,,0
,,,,,,,,,,,0
,,,,,,,,,,,0
,,,,,,,,,,,0
,,,,,,,,,,,0
,,,,,,,,,,,0
,,,,,,,,,,,0
,,,,,,,,,,,0
,,,,,,,,,,,0
,,,,,,,,,,,0
,,,,,,,,,,,0
,,,,,,,,,,,0
,,,,,,,,,,,0
,,,,,,,,,,,0
,,,,,,,,,,,0
,,,,,,,,,,,0
,,,,,,,,,,,0
,,,,,,,,,,,0
,,,,,,,,,,,0
,,,,,,,,,,,0
,,,,,,,,,,,0
,,,,,,,,,,,0
,,,,,,,,,,,0
,,,,,,,,,,,0
,,,,,,,,,,,0
,,,,,,,,,,,0
,,,,,,,,,,,0
,,,,,,,,,,,0
,,,,,,,,,,,0
,,,,,,,,,,,0
,,,,,,,,,,,0
,,,,,,,,,,,0
,,,,,,,,,,,0
,,,,,,,,,,,0
,,,,,,,,,,,0
,,,,,,,,,,,0
,,,,,,,,,,,0
,,,,,,,,,,,0
,,,,,,,,,,,0
,,,,,,,,,,,0
,,,,,,,,,,,0
,,,,,,,,,,,0
,,,,,,,,,,,0
,,,,,,,,,,,0
,,,,,,,,,,,0
,,,,,,,,,,,0
,,,,,,,,,,,0
,,,,,,,,,,,0
,,,,,,,,,,,0
,,,,,,,,,,,0
,,,,,,,,,,,0
,,,,,,,,,,,0
,,,,,,,,,,,0
,,,,,,,,,,,0
,,,,,,,,,,,0
,,,,,,,,,,,0
,,,,,,,,,,,0
,,,,,,,,,,,0
,,,,,,,,,,,0
,,,,,,,,,,,0
,,,,,,,,,,,0
,,,,,,,,,,,0
,,,,,,,,,,,0
,,,,,,,,,,,0
,,,,,,,,,,,0
,,,,,,,,,,,0
,,,,,,,,,,,0
,,,,,,,,,,,0
,,,,,,,,,,,0
,,,,,,,,,,,0
,,,,,,,,,,,0
,,,,,,,,,,,0
,,,,,,,,,,,0
,,,,,,,,,,,0
,,,,,,,,,,,0
,,,,,,,,,,,0
,,,,,,,,,,,0
,,,,,,,,,,,0
,,,,,,,,,,,0
,,,,,,,,,,,0
,,,,,,,,,,,0
,,,,,,,,,,,0
,,,,,,,,,,,0
,,,,,,,,,,,0
,,,,,,,,,,,0
,,,,,,,,,,,0
,,,,,,,,,,,0
,,,,,,,,,,,0
,,,,,,,,,,,0
,,,,,,,,,,,0
,,,,,,,,,,,0
,,,,,,,,,,,0
,,,,,,,,,,,0
,,,,,,,,,,,0
,,,,,,,,,,,0
,,,,,,,,,,,0
,,,,,,,,,,,0
,,,,,,,,,,,0
,,,,,,,,,,,0
,,,,,,,,,,,0
,,,,,,,,,,,0
,,,,,,,,,,,0
,,,,,,,,,,,0
,,,,,,,,,,,0
,,,,,,,,,,,0
,,,,,,,,,,,0
,,,,,,,,,,,0
,,,,,,,,,,,0
,,,,,,,,,,,0
,,,,,,,,,,,0
,,,,,,,,,,,0
,,,,,,,,,,,0
,,,,,,,,,,,0
,,,,,,,,,,,0
,,,,,,,,,,,0
,,,,,,,,,,,0
,,,,,,,,,,,0
,,,,,,,,,,,0
,,,,,,,,,,,0
,,,,,,,,,,,0
,,,,,,,,,,,0
,,,,,,,,,,,0
,,,,,,,,,,,0
,,,,,,,,,,,0
,,,,,,,,,,,0
,,,,,,,,,,,0
,,,,,,,,,,,0
,,,,,,,,,,,0
,,,,,,,,,,,0
,,,,,,,,,,,0
,,,,,,,,,,,0
,,,,,,,,,,,0
,,,,,,,,,,,0
,,,,,,,,,,,0
,,,,,,,,,,,0
,,,,,,,,,,,0
,,,,,,,,,,,0
,,,,,,,,,,,0
,,,,,,,,,,,0
,,,,,,,,,,,0
,,,,,,,,,,,0
,,,,,,,,,,,0
,,,,,,,,,,,0
,,,,,,,,,,,0
,,,,,,,,,,,0
,,,,,,,,,,,0
,,,,,,,,,,,0
,,,,,,,,,,,0
,,,,,,,,,,,0
,,,,,,,,,,,0
,,,,,,,,,,,0
,,,,,,,,,,,0
,,,,,,,,,,,0
,,,,,,,,,,,0
,,,,,,,,,,,0
,,,,,,,,,,,0
,,,,,,,,,,,0
,,,,,,,,,,,0
,,,,,,,,,,,0
,,,,,,,,,,,0
,,,,,,,,,,,0
,,,,,,,,,,,0
,,,,,,,,,,,0
,,,,,,,,,,,0
,,,,,,,,,,,0
,,,,,,,,,,,0
,,,,,,,,,,,0
,,,,,,,,,,,0
,,,,,,,,,,,0
,,,,,,,,,,,0
,,,,,,,,,,,0
,,,,,,,,,,,0
,,,,,,,,,,,0
,,,,,,,,,,,0
,,,,,,,,,,,0
,,,,,,,,,,,0
,,,,,,,,,,,0
,,,,,,,,,,,0
,,,,,,,,,,,0
,,,,,,,,,,,0
,,,,,,,,,,,0
,,,,,,,,,,,0
,,,,,,,,,,,0
,,,,,,,,,,,0
,,,,,,,,,,,0
,,,,,,,,,,,0
,,,,,,,,,,,0
,,,,,,,,,,,0
,,,,,,,,,,,0
,,,,,,,,,,,0
,,,,,,,,,,,0
,,,,,,,,,,,0
,,,,,,,,,,,0
,,,,,,,,,,,0
,,,,,,,,,,,0
,,,,,,,,,,,0
,,,,,,,,,,,0
,,,,,,,,,,,0
,,,,,,,,,,,0
,,,,,,,,,,,0
,,,,,,,,,,,0
,,,,,,,,,,,0
,,,,,,,,,,,0
,,,,,,,,,,,0
,,,,,,,,,,,0
,,,,,,,,,,,0
,,,,,,,,,,,0
,,,,,,,,,,,0
,,,,,,,,,,,0
,,,,,,,,,,,0
,,,,,,,,,,,0
,,,,,,,,,,,0
,,,,,,,,,,,0
,,,,,,,,,,,0
,,,,,,,,,,,0
,,,,,,,,,,,0
,,,,,,,,,,,0
,,,,,,,,,,,0
,,,,,,,,,,,0
,,,,,,,,,,,0
,,,,,,,,,,,0
,,,,,,,,,,,0
,,,,,,,,,,,0
,,,,,,,,,,,0
,,,,,,,,,,,0
,,,,,,,,,,,0
,,,,,,,,,,,0
,,,,,,,,,,,0
,,,,,,,,,,,0
,,,,,,,,,,,0
,,,,,,,,,,,0
,,,,,,,,,,,0
,,,,,,,,,,,0
,,,,,,,,,,,0
,,,,,,,,,,,0
,,,,,,,,,,,0
,,,,,,,,,,,0
,,,,,,,,,,,0
,,,,,,,,,,,0
,,,,,,,,,,,0
,,,,,,,,,,,0
,,,,,,,,,,,0
,,,,,,,,,,,0
,,,,,,,,,,,0
,,,,,,,,,,,0
,,,,,,,,,,,0
,,,,,,,,,,,0
,,,,,,,,,,,0
,,,,,,,,,,,0
,,,,,,,,,,,0
,,,,,,,,,,,0
,,,,,,,,,,,0
,,,,,,,,,,,0
,,,,,,,,,,,0
,,,,,,,,,,,0
,,,,,,,,,,,0
,,,,,,,,,,,0
,,,,,,,,,,,0
,,,,,,,,,,,0
,,,,,,,,,,,0
,,,,,,,,,,,0